id,room_id,start_date,end_date,number_of_guests
1,1,2015-06-01,2015-06-07,1
2,3,2015-06-01,2015-06-07,2
3,5,2015-06-01,2015-06-07,2
2001,6,2015-06-01,2015-06-07,2
4,7,2015-06-01,2015-06-07,2
5,9,2015-06-01,2015-06-07,1
6,11,2015-06-01,2015-06-07,2
7,13,2015-06-01,2015-06-07,1
8,15,2015-06-01,2015-06-07,2
9,17,2015-06-01,2015-06-07,1
10,19,2015-06-01,2015-06-07,2
11,21,2015-06-01,2015-06-07,1
12,23,2015-06-01,2015-06-07,2
13,25,2015-06-01,2015-06-07,1
14,27,2015-06-01,2015-06-07,2
15,29,2015-06-01,2015-06-07,1
16,31,2015-06-01,2015-06-07,2
17,33,2015-06-01,2015-06-07,1
18,35,2015-06-01,2015-06-07,2
19,37,2015-06-01,2015-06-07,1
20,39,2015-06-01,2015-06-07,2
21,41,2015-06-01,2015-06-07,1
22,43,2015-06-01,2015-06-07,2
23,45,2015-06-01,2015-06-07,1
24,47,2015-06-01,2015-06-07,2
25,49,2015-06-01,2015-06-07,1
26,51,2015-06-01,2015-06-07,2
27,53,2015-06-01,2015-06-07,1
28,55,2015-06-01,2015-06-07,2
29,57,2015-06-01,2015-06-07,1
30,59,2015-06-01,2015-06-07,2
31,61,2015-06-01,2015-06-07,1
32,63,2015-06-01,2015-06-07,2
33,65,2015-06-01,2015-06-07,1
34,67,2015-06-01,2015-06-07,2
35,69,2015-06-01,2015-06-07,1
36,71,2015-06-01,2015-06-07,2
37,73,2015-06-01,2015-06-07,1
38,75,2015-06-01,2015-06-07,2
39,77,2015-06-01,2015-06-07,1
40,79,2015-06-01,2015-06-07,2
41,81,2015-06-01,2015-06-07,1
42,83,2015-06-01,2015-06-07,2
43,85,2015-06-01,2015-06-07,1
44,87,2015-06-01,2015-06-07,2
45,89,2015-06-01,2015-06-07,1
46,91,2015-06-01,2015-06-07,2
47,93,2015-06-01,2015-06-07,1
48,95,2015-06-01,2015-06-07,2
49,97,2015-06-01,2015-06-07,1
50,99,2015-06-01,2015-06-07,2
51,101,2015-06-01,2015-06-07,1
52,103,2015-06-01,2015-06-07,2
53,105,2015-06-01,2015-06-07,1
54,107,2015-06-01,2015-06-07,2
55,109,2015-06-01,2015-06-07,1
56,111,2015-06-01,2015-06-07,2
57,113,2015-06-01,2015-06-07,1
58,115,2015-06-01,2015-06-07,2
59,117,2015-06-01,2015-06-07,1
60,119,2015-06-01,2015-06-07,2
61,121,2015-06-01,2015-06-07,1
62,123,2015-06-01,2015-06-07,2
63,125,2015-06-01,2015-06-07,1
64,127,2015-06-01,2015-06-07,2
65,129,2015-06-01,2015-06-07,1
66,131,2015-06-01,2015-06-07,2
67,133,2015-06-01,2015-06-07,1
68,135,2015-06-01,2015-06-07,2
69,137,2015-06-01,2015-06-07,1
70,139,2015-06-01,2015-06-07,2
71,141,2015-06-01,2015-06-07,1
72,143,2015-06-01,2015-06-07,2
73,145,2015-06-01,2015-06-07,1
74,147,2015-06-01,2015-06-07,2
75,149,2015-06-01,2015-06-07,1
76,151,2015-06-01,2015-06-07,2
77,153,2015-06-01,2015-06-07,1
78,155,2015-06-01,2015-06-07,2
79,157,2015-06-01,2015-06-07,1
80,159,2015-06-01,2015-06-07,2
81,161,2015-06-01,2015-06-07,1
82,163,2015-06-01,2015-06-07,2
83,165,2015-06-01,2015-06-07,1
84,167,2015-06-01,2015-06-07,2
85,169,2015-06-01,2015-06-07,1
86,171,2015-06-01,2015-06-07,2
87,173,2015-06-01,2015-06-07,1
88,175,2015-06-01,2015-06-07,2
89,177,2015-06-01,2015-06-07,1
90,179,2015-06-01,2015-06-07,2
91,181,2015-06-01,2015-06-07,1
92,183,2015-06-01,2015-06-07,2
93,185,2015-06-01,2015-06-07,1
94,187,2015-06-01,2015-06-07,2
95,189,2015-06-01,2015-06-07,1
96,191,2015-06-01,2015-06-07,2
97,193,2015-06-01,2015-06-07,1
98,195,2015-06-01,2015-06-07,2
99,197,2015-06-01,2015-06-07,1
100,199,2015-06-01,2015-06-07,2
101,201,2015-06-01,2015-06-07,1
102,203,2015-06-01,2015-06-07,2
103,205,2015-06-01,2015-06-07,1
104,207,2015-06-01,2015-06-07,2
105,209,2015-06-01,2015-06-07,1
106,211,2015-06-01,2015-06-07,2
107,213,2015-06-01,2015-06-07,1
108,215,2015-06-01,2015-06-07,2
109,217,2015-06-01,2015-06-07,1
110,219,2015-06-01,2015-06-07,2
111,221,2015-06-01,2015-06-07,1
112,223,2015-06-01,2015-06-07,2
113,225,2015-06-01,2015-06-07,1
114,227,2015-06-01,2015-06-07,2
115,229,2015-06-01,2015-06-07,1
116,231,2015-06-01,2015-06-07,2
117,233,2015-06-01,2015-06-07,1
118,235,2015-06-01,2015-06-07,2
119,237,2015-06-01,2015-06-07,1
120,239,2015-06-01,2015-06-07,2
121,241,2015-06-01,2015-06-07,1
122,243,2015-06-01,2015-06-07,2
123,245,2015-06-01,2015-06-07,1
124,247,2015-06-01,2015-06-07,2
125,249,2015-06-01,2015-06-07,1
126,251,2015-06-01,2015-06-07,2
127,253,2015-06-01,2015-06-07,1
128,255,2015-06-01,2015-06-07,2
129,257,2015-06-01,2015-06-07,1
130,259,2015-06-01,2015-06-07,2
131,261,2015-06-01,2015-06-07,1
132,263,2015-06-01,2015-06-07,2
133,265,2015-06-01,2015-06-07,1
134,267,2015-06-01,2015-06-07,2
135,269,2015-06-01,2015-06-07,1
136,271,2015-06-01,2015-06-07,2
137,273,2015-06-01,2015-06-07,1
138,275,2015-06-01,2015-06-07,2
139,277,2015-06-01,2015-06-07,1
140,279,2015-06-01,2015-06-07,2
141,281,2015-06-01,2015-06-07,1
142,283,2015-06-01,2015-06-07,2
143,285,2015-06-01,2015-06-07,1
144,287,2015-06-01,2015-06-07,2
145,289,2015-06-01,2015-06-07,1
146,291,2015-06-01,2015-06-07,2
147,293,2015-06-01,2015-06-07,1
148,295,2015-06-01,2015-06-07,2
149,297,2015-06-01,2015-06-07,1
150,299,2015-06-01,2015-06-07,2
151,301,2015-06-01,2015-06-07,1
152,303,2015-06-01,2015-06-07,2
153,305,2015-06-01,2015-06-07,1
154,307,2015-06-01,2015-06-07,2
155,309,2015-06-01,2015-06-07,1
156,311,2015-06-01,2015-06-07,2
157,313,2015-06-01,2015-06-07,1
158,315,2015-06-01,2015-06-07,2
159,317,2015-06-01,2015-06-07,1
160,319,2015-06-01,2015-06-07,2
161,321,2015-06-01,2015-06-07,1
162,323,2015-06-01,2015-06-07,2
163,325,2015-06-01,2015-06-07,1
164,327,2015-06-01,2015-06-07,2
165,329,2015-06-01,2015-06-07,1
166,331,2015-06-01,2015-06-07,2
167,333,2015-06-01,2015-06-07,1
168,335,2015-06-01,2015-06-07,2
169,337,2015-06-01,2015-06-07,1
170,339,2015-06-01,2015-06-07,2
171,341,2015-06-01,2015-06-07,1
172,343,2015-06-01,2015-06-07,2
173,345,2015-06-01,2015-06-07,1
174,347,2015-06-01,2015-06-07,2
175,349,2015-06-01,2015-06-07,1
176,351,2015-06-01,2015-06-07,2
177,353,2015-06-01,2015-06-07,1
178,355,2015-06-01,2015-06-07,2
179,357,2015-06-01,2015-06-07,1
180,359,2015-06-01,2015-06-07,2
181,361,2015-06-01,2015-06-07,1
182,363,2015-06-01,2015-06-07,2
183,365,2015-06-01,2015-06-07,1
184,367,2015-06-01,2015-06-07,2
185,369,2015-06-01,2015-06-07,1
186,371,2015-06-01,2015-06-07,2
187,373,2015-06-01,2015-06-07,1
188,375,2015-06-01,2015-06-07,2
189,377,2015-06-01,2015-06-07,1
190,379,2015-06-01,2015-06-07,2
191,381,2015-06-01,2015-06-07,1
192,383,2015-06-01,2015-06-07,2
193,385,2015-06-01,2015-06-07,1
194,387,2015-06-01,2015-06-07,2
195,389,2015-06-01,2015-06-07,1
196,391,2015-06-01,2015-06-07,2
197,393,2015-06-01,2015-06-07,1
198,395,2015-06-01,2015-06-07,2
199,397,2015-06-01,2015-06-07,1
200,399,2015-06-01,2015-06-07,2
201,401,2015-06-01,2015-06-07,1
202,403,2015-06-01,2015-06-07,2
203,405,2015-06-01,2015-06-07,1
204,407,2015-06-01,2015-06-07,2
205,409,2015-06-01,2015-06-07,1
206,411,2015-06-01,2015-06-07,2
207,413,2015-06-01,2015-06-07,1
208,415,2015-06-01,2015-06-07,2
209,417,2015-06-01,2015-06-07,1
210,419,2015-06-01,2015-06-07,2
211,421,2015-06-01,2015-06-07,1
212,423,2015-06-01,2015-06-07,2
213,425,2015-06-01,2015-06-07,1
214,427,2015-06-01,2015-06-07,2
215,429,2015-06-01,2015-06-07,1
216,431,2015-06-01,2015-06-07,2
217,433,2015-06-01,2015-06-07,1
218,435,2015-06-01,2015-06-07,2
219,437,2015-06-01,2015-06-07,1
220,439,2015-06-01,2015-06-07,2
221,441,2015-06-01,2015-06-07,1
222,443,2015-06-01,2015-06-07,2
223,445,2015-06-01,2015-06-07,1
224,447,2015-06-01,2015-06-07,2
225,449,2015-06-01,2015-06-07,1
226,451,2015-06-01,2015-06-07,2
227,453,2015-06-01,2015-06-07,1
228,455,2015-06-01,2015-06-07,2
229,457,2015-06-01,2015-06-07,1
230,459,2015-06-01,2015-06-07,2
231,461,2015-06-01,2015-06-07,1
232,463,2015-06-01,2015-06-07,2
233,465,2015-06-01,2015-06-07,1
234,467,2015-06-01,2015-06-07,2
235,469,2015-06-01,2015-06-07,1
236,471,2015-06-01,2015-06-07,2
237,473,2015-06-01,2015-06-07,1
238,475,2015-06-01,2015-06-07,2
239,477,2015-06-01,2015-06-07,1
240,479,2015-06-01,2015-06-07,2
241,481,2015-06-01,2015-06-07,1
242,483,2015-06-01,2015-06-07,2
243,485,2015-06-01,2015-06-07,1
244,487,2015-06-01,2015-06-07,2
245,489,2015-06-01,2015-06-07,1
246,491,2015-06-01,2015-06-07,2
247,493,2015-06-01,2015-06-07,1
248,495,2015-06-01,2015-06-07,2
249,497,2015-06-01,2015-06-07,1
250,499,2015-06-01,2015-06-07,2
251,501,2015-06-01,2015-06-07,1
252,503,2015-06-01,2015-06-07,2
253,505,2015-06-01,2015-06-07,1
254,507,2015-06-01,2015-06-07,2
255,509,2015-06-01,2015-06-07,1
256,511,2015-06-01,2015-06-07,2
257,513,2015-06-01,2015-06-07,1
258,515,2015-06-01,2015-06-07,2
259,517,2015-06-01,2015-06-07,1
260,519,2015-06-01,2015-06-07,2
261,521,2015-06-01,2015-06-07,1
262,523,2015-06-01,2015-06-07,2
263,525,2015-06-01,2015-06-07,1
264,527,2015-06-01,2015-06-07,2
265,529,2015-06-01,2015-06-07,1
266,531,2015-06-01,2015-06-07,2
267,533,2015-06-01,2015-06-07,1
268,535,2015-06-01,2015-06-07,2
269,537,2015-06-01,2015-06-07,1
270,539,2015-06-01,2015-06-07,2
271,541,2015-06-01,2015-06-07,1
272,543,2015-06-01,2015-06-07,2
273,545,2015-06-01,2015-06-07,1
274,547,2015-06-01,2015-06-07,2
275,549,2015-06-01,2015-06-07,1
276,551,2015-06-01,2015-06-07,2
277,553,2015-06-01,2015-06-07,1
278,555,2015-06-01,2015-06-07,2
279,557,2015-06-01,2015-06-07,1
280,559,2015-06-01,2015-06-07,2
281,561,2015-06-01,2015-06-07,1
282,563,2015-06-01,2015-06-07,2
283,565,2015-06-01,2015-06-07,1
284,567,2015-06-01,2015-06-07,2
285,569,2015-06-01,2015-06-07,1
286,571,2015-06-01,2015-06-07,2
287,573,2015-06-01,2015-06-07,1
288,575,2015-06-01,2015-06-07,2
289,577,2015-06-01,2015-06-07,1
290,579,2015-06-01,2015-06-07,2
291,581,2015-06-01,2015-06-07,1
292,583,2015-06-01,2015-06-07,2
293,585,2015-06-01,2015-06-07,1
294,587,2015-06-01,2015-06-07,2
295,589,2015-06-01,2015-06-07,1
296,591,2015-06-01,2015-06-07,2
297,593,2015-06-01,2015-06-07,1
298,595,2015-06-01,2015-06-07,2
299,597,2015-06-01,2015-06-07,1
300,599,2015-06-01,2015-06-07,2
301,601,2015-06-01,2015-06-07,1
302,603,2015-06-01,2015-06-07,2
303,605,2015-06-01,2015-06-07,1
304,607,2015-06-01,2015-06-07,2
305,609,2015-06-01,2015-06-07,1
306,611,2015-06-01,2015-06-07,2
307,613,2015-06-01,2015-06-07,1
308,615,2015-06-01,2015-06-07,2
309,617,2015-06-01,2015-06-07,1
310,619,2015-06-01,2015-06-07,2
311,621,2015-06-01,2015-06-07,1
312,623,2015-06-01,2015-06-07,2
313,625,2015-06-01,2015-06-07,1
314,627,2015-06-01,2015-06-07,2
315,629,2015-06-01,2015-06-07,1
316,631,2015-06-01,2015-06-07,2
317,633,2015-06-01,2015-06-07,1
318,635,2015-06-01,2015-06-07,2
319,637,2015-06-01,2015-06-07,1
320,639,2015-06-01,2015-06-07,2
321,641,2015-06-01,2015-06-07,1
322,643,2015-06-01,2015-06-07,2
323,645,2015-06-01,2015-06-07,1
324,647,2015-06-01,2015-06-07,2
325,649,2015-06-01,2015-06-07,1
326,651,2015-06-01,2015-06-07,2
327,653,2015-06-01,2015-06-07,1
328,655,2015-06-01,2015-06-07,2
329,657,2015-06-01,2015-06-07,1
330,659,2015-06-01,2015-06-07,2
331,661,2015-06-01,2015-06-07,1
332,663,2015-06-01,2015-06-07,2
333,665,2015-06-01,2015-06-07,1
334,667,2015-06-01,2015-06-07,2
335,669,2015-06-01,2015-06-07,1
336,671,2015-06-01,2015-06-07,2
337,673,2015-06-01,2015-06-07,1
338,675,2015-06-01,2015-06-07,2
339,677,2015-06-01,2015-06-07,1
340,679,2015-06-01,2015-06-07,2
341,681,2015-06-01,2015-06-07,1
342,683,2015-06-01,2015-06-07,2
343,685,2015-06-01,2015-06-07,1
344,687,2015-06-01,2015-06-07,2
345,689,2015-06-01,2015-06-07,1
346,691,2015-06-01,2015-06-07,2
347,693,2015-06-01,2015-06-07,1
348,695,2015-06-01,2015-06-07,2
349,697,2015-06-01,2015-06-07,1
350,699,2015-06-01,2015-06-07,2
351,701,2015-06-01,2015-06-07,1
352,703,2015-06-01,2015-06-07,2
353,705,2015-06-01,2015-06-07,1
354,707,2015-06-01,2015-06-07,2
355,709,2015-06-01,2015-06-07,1
356,711,2015-06-01,2015-06-07,2
357,713,2015-06-01,2015-06-07,1
358,715,2015-06-01,2015-06-07,2
359,717,2015-06-01,2015-06-07,1
360,719,2015-06-01,2015-06-07,2
361,721,2015-06-01,2015-06-07,1
362,723,2015-06-01,2015-06-07,2
363,725,2015-06-01,2015-06-07,1
364,727,2015-06-01,2015-06-07,2
365,729,2015-06-01,2015-06-07,1
366,731,2015-06-01,2015-06-07,2
367,733,2015-06-01,2015-06-07,1
368,735,2015-06-01,2015-06-07,2
369,737,2015-06-01,2015-06-07,1
370,739,2015-06-01,2015-06-07,2
371,741,2015-06-01,2015-06-07,1
372,743,2015-06-01,2015-06-07,2
373,745,2015-06-01,2015-06-07,1
374,747,2015-06-01,2015-06-07,2
375,749,2015-06-01,2015-06-07,1
376,751,2015-06-01,2015-06-07,2
377,753,2015-06-01,2015-06-07,1
378,755,2015-06-01,2015-06-07,2
379,757,2015-06-01,2015-06-07,1
380,759,2015-06-01,2015-06-07,2
381,761,2015-06-01,2015-06-07,1
382,763,2015-06-01,2015-06-07,2
383,765,2015-06-01,2015-06-07,1
384,767,2015-06-01,2015-06-07,2
385,769,2015-06-01,2015-06-07,1
386,771,2015-06-01,2015-06-07,2
387,773,2015-06-01,2015-06-07,1
388,775,2015-06-01,2015-06-07,2
389,777,2015-06-01,2015-06-07,1
390,779,2015-06-01,2015-06-07,2
391,781,2015-06-01,2015-06-07,1
392,783,2015-06-01,2015-06-07,2
393,785,2015-06-01,2015-06-07,1
394,787,2015-06-01,2015-06-07,2
395,789,2015-06-01,2015-06-07,1
396,791,2015-06-01,2015-06-07,2
397,793,2015-06-01,2015-06-07,1
398,795,2015-06-01,2015-06-07,2
399,797,2015-06-01,2015-06-07,1
400,799,2015-06-01,2015-06-07,2
401,801,2015-06-01,2015-06-07,1
402,803,2015-06-01,2015-06-07,2
403,805,2015-06-01,2015-06-07,1
404,807,2015-06-01,2015-06-07,2
405,809,2015-06-01,2015-06-07,1
406,811,2015-06-01,2015-06-07,2
407,813,2015-06-01,2015-06-07,1
408,815,2015-06-01,2015-06-07,2
409,817,2015-06-01,2015-06-07,1
410,819,2015-06-01,2015-06-07,2
411,821,2015-06-01,2015-06-07,1
412,823,2015-06-01,2015-06-07,2
413,825,2015-06-01,2015-06-07,1
414,827,2015-06-01,2015-06-07,2
415,829,2015-06-01,2015-06-07,1
416,831,2015-06-01,2015-06-07,2
417,833,2015-06-01,2015-06-07,1
418,835,2015-06-01,2015-06-07,2
419,837,2015-06-01,2015-06-07,1
420,839,2015-06-01,2015-06-07,2
421,841,2015-06-01,2015-06-07,1
422,843,2015-06-01,2015-06-07,2
423,845,2015-06-01,2015-06-07,1
424,847,2015-06-01,2015-06-07,2
425,849,2015-06-01,2015-06-07,1
426,851,2015-06-01,2015-06-07,2
427,853,2015-06-01,2015-06-07,1
428,855,2015-06-01,2015-06-07,2
429,857,2015-06-01,2015-06-07,1
430,859,2015-06-01,2015-06-07,2
431,861,2015-06-01,2015-06-07,1
432,863,2015-06-01,2015-06-07,2
433,865,2015-06-01,2015-06-07,1
434,867,2015-06-01,2015-06-07,2
435,869,2015-06-01,2015-06-07,1
436,871,2015-06-01,2015-06-07,2
437,873,2015-06-01,2015-06-07,1
438,875,2015-06-01,2015-06-07,2
439,877,2015-06-01,2015-06-07,1
440,879,2015-06-01,2015-06-07,2
441,881,2015-06-01,2015-06-07,1
442,883,2015-06-01,2015-06-07,2
443,885,2015-06-01,2015-06-07,1
444,887,2015-06-01,2015-06-07,2
445,889,2015-06-01,2015-06-07,1
446,891,2015-06-01,2015-06-07,2
447,893,2015-06-01,2015-06-07,1
448,895,2015-06-01,2015-06-07,2
449,897,2015-06-01,2015-06-07,1
450,899,2015-06-01,2015-06-07,2
451,901,2015-06-01,2015-06-07,1
452,903,2015-06-01,2015-06-07,2
453,905,2015-06-01,2015-06-07,1
454,907,2015-06-01,2015-06-07,2
455,909,2015-06-01,2015-06-07,1
456,911,2015-06-01,2015-06-07,2
457,913,2015-06-01,2015-06-07,1
458,915,2015-06-01,2015-06-07,2
459,917,2015-06-01,2015-06-07,1
460,919,2015-06-01,2015-06-07,2
461,921,2015-06-01,2015-06-07,1
462,923,2015-06-01,2015-06-07,2
463,925,2015-06-01,2015-06-07,1
464,927,2015-06-01,2015-06-07,2
465,929,2015-06-01,2015-06-07,1
466,931,2015-06-01,2015-06-07,2
467,933,2015-06-01,2015-06-07,1
468,935,2015-06-01,2015-06-07,2
469,937,2015-06-01,2015-06-07,1
470,939,2015-06-01,2015-06-07,2
471,941,2015-06-01,2015-06-07,1
472,943,2015-06-01,2015-06-07,2
473,945,2015-06-01,2015-06-07,1
474,947,2015-06-01,2015-06-07,2
475,949,2015-06-01,2015-06-07,1
476,951,2015-06-01,2015-06-07,2
477,953,2015-06-01,2015-06-07,1
478,955,2015-06-01,2015-06-07,2
479,957,2015-06-01,2015-06-07,1
480,959,2015-06-01,2015-06-07,2
481,961,2015-06-01,2015-06-07,1
482,963,2015-06-01,2015-06-07,2
483,965,2015-06-01,2015-06-07,1
484,967,2015-06-01,2015-06-07,2
485,969,2015-06-01,2015-06-07,1
486,971,2015-06-01,2015-06-07,2
487,973,2015-06-01,2015-06-07,1
488,975,2015-06-01,2015-06-07,2
489,977,2015-06-01,2015-06-07,1
490,979,2015-06-01,2015-06-07,2
491,981,2015-06-01,2015-06-07,1
492,983,2015-06-01,2015-06-07,2
493,985,2015-06-01,2015-06-07,1
494,987,2015-06-01,2015-06-07,2
495,989,2015-06-01,2015-06-07,1
496,991,2015-06-01,2015-06-07,2
497,993,2015-06-01,2015-06-07,1
498,995,2015-06-01,2015-06-07,2
499,997,2015-06-01,2015-06-07,1
500,999,2015-06-01,2015-06-07,2
501,1001,2015-06-01,2015-06-07,1
502,1003,2015-06-01,2015-06-07,2
503,1005,2015-06-01,2015-06-07,1
504,1007,2015-06-01,2015-06-07,2
505,1009,2015-06-01,2015-06-07,1
506,1011,2015-06-01,2015-06-07,2
507,1013,2015-06-01,2015-06-07,1
508,1015,2015-06-01,2015-06-07,2
509,1017,2015-06-01,2015-06-07,1
510,1019,2015-06-01,2015-06-07,2
511,1021,2015-06-01,2015-06-07,1
512,1023,2015-06-01,2015-06-07,2
513,1025,2015-06-01,2015-06-07,1
514,1027,2015-06-01,2015-06-07,2
515,1029,2015-06-01,2015-06-07,1
516,1031,2015-06-01,2015-06-07,2
517,1033,2015-06-01,2015-06-07,1
518,1035,2015-06-01,2015-06-07,2
519,1037,2015-06-01,2015-06-07,1
520,1039,2015-06-01,2015-06-07,2
521,1041,2015-06-01,2015-06-07,1
522,1043,2015-06-01,2015-06-07,2
523,1045,2015-06-01,2015-06-07,1
524,1047,2015-06-01,2015-06-07,2
525,1049,2015-06-01,2015-06-07,1
526,1051,2015-06-01,2015-06-07,2
527,1053,2015-06-01,2015-06-07,1
528,1055,2015-06-01,2015-06-07,2
529,1057,2015-06-01,2015-06-07,1
530,1059,2015-06-01,2015-06-07,2
531,1061,2015-06-01,2015-06-07,1
532,1063,2015-06-01,2015-06-07,2
533,1065,2015-06-01,2015-06-07,1
534,1067,2015-06-01,2015-06-07,2
535,1069,2015-06-01,2015-06-07,1
536,1071,2015-06-01,2015-06-07,2
537,1073,2015-06-01,2015-06-07,1
538,1075,2015-06-01,2015-06-07,2
539,1077,2015-06-01,2015-06-07,1
540,1079,2015-06-01,2015-06-07,2
541,1081,2015-06-01,2015-06-07,1
542,1083,2015-06-01,2015-06-07,2
543,1085,2015-06-01,2015-06-07,1
544,1087,2015-06-01,2015-06-07,2
545,1089,2015-06-01,2015-06-07,1
546,1091,2015-06-01,2015-06-07,2
547,1093,2015-06-01,2015-06-07,1
548,1095,2015-06-01,2015-06-07,2
549,1097,2015-06-01,2015-06-07,1
550,1099,2015-06-01,2015-06-07,2
551,1101,2015-06-01,2015-06-07,1
552,1103,2015-06-01,2015-06-07,2
553,1105,2015-06-01,2015-06-07,1
554,1107,2015-06-01,2015-06-07,2
555,1109,2015-06-01,2015-06-07,1
556,1111,2015-06-01,2015-06-07,2
557,1113,2015-06-01,2015-06-07,1
558,1115,2015-06-01,2015-06-07,2
559,1117,2015-06-01,2015-06-07,1
560,1119,2015-06-01,2015-06-07,2
561,1121,2015-06-01,2015-06-07,1
562,1123,2015-06-01,2015-06-07,2
563,1125,2015-06-01,2015-06-07,1
564,1127,2015-06-01,2015-06-07,2
565,1129,2015-06-01,2015-06-07,1
566,1131,2015-06-01,2015-06-07,2
567,1133,2015-06-01,2015-06-07,1
568,1135,2015-06-01,2015-06-07,2
569,1137,2015-06-01,2015-06-07,1
570,1139,2015-06-01,2015-06-07,2
571,1141,2015-06-01,2015-06-07,1
572,1143,2015-06-01,2015-06-07,2
573,1145,2015-06-01,2015-06-07,1
574,1147,2015-06-01,2015-06-07,2
575,1149,2015-06-01,2015-06-07,1
576,1151,2015-06-01,2015-06-07,2
577,1153,2015-06-01,2015-06-07,1
578,1155,2015-06-01,2015-06-07,2
579,1157,2015-06-01,2015-06-07,1
580,1159,2015-06-01,2015-06-07,2
581,1161,2015-06-01,2015-06-07,1
582,1163,2015-06-01,2015-06-07,2
583,1165,2015-06-01,2015-06-07,1
584,1167,2015-06-01,2015-06-07,2
585,1169,2015-06-01,2015-06-07,1
586,1171,2015-06-01,2015-06-07,2
587,1173,2015-06-01,2015-06-07,1
588,1175,2015-06-01,2015-06-07,2
589,1177,2015-06-01,2015-06-07,1
590,1179,2015-06-01,2015-06-07,2
591,1181,2015-06-01,2015-06-07,1
592,1183,2015-06-01,2015-06-07,2
593,1185,2015-06-01,2015-06-07,1
594,1187,2015-06-01,2015-06-07,2
595,1189,2015-06-01,2015-06-07,1
596,1191,2015-06-01,2015-06-07,2
597,1193,2015-06-01,2015-06-07,1
598,1195,2015-06-01,2015-06-07,2
599,1197,2015-06-01,2015-06-07,1
600,1199,2015-06-01,2015-06-07,2
601,1201,2015-06-01,2015-06-07,1
602,1203,2015-06-01,2015-06-07,2
603,1205,2015-06-01,2015-06-07,1
604,1207,2015-06-01,2015-06-07,2
605,1209,2015-06-01,2015-06-07,1
606,1211,2015-06-01,2015-06-07,2
607,1213,2015-06-01,2015-06-07,1
608,1215,2015-06-01,2015-06-07,2
609,1217,2015-06-01,2015-06-07,1
610,1219,2015-06-01,2015-06-07,2
611,1221,2015-06-01,2015-06-07,1
612,1223,2015-06-01,2015-06-07,2
613,1225,2015-06-01,2015-06-07,1
614,1227,2015-06-01,2015-06-07,2
615,1229,2015-06-01,2015-06-07,1
616,1231,2015-06-01,2015-06-07,2
617,1233,2015-06-01,2015-06-07,1
618,1235,2015-06-01,2015-06-07,2
619,1237,2015-06-01,2015-06-07,1
620,1239,2015-06-01,2015-06-07,2
621,1241,2015-06-01,2015-06-07,1
622,1243,2015-06-01,2015-06-07,2
623,1245,2015-06-01,2015-06-07,1
624,1247,2015-06-01,2015-06-07,2
625,1249,2015-06-01,2015-06-07,1
626,1251,2015-06-01,2015-06-07,2
627,1253,2015-06-01,2015-06-07,1
628,1255,2015-06-01,2015-06-07,2
629,1257,2015-06-01,2015-06-07,1
630,1259,2015-06-01,2015-06-07,2
631,1261,2015-06-01,2015-06-07,1
632,1263,2015-06-01,2015-06-07,2
633,1265,2015-06-01,2015-06-07,1
634,1267,2015-06-01,2015-06-07,2
635,1269,2015-06-01,2015-06-07,1
636,1271,2015-06-01,2015-06-07,2
637,1273,2015-06-01,2015-06-07,1
638,1275,2015-06-01,2015-06-07,2
639,1277,2015-06-01,2015-06-07,1
640,1279,2015-06-01,2015-06-07,2
641,1281,2015-06-01,2015-06-07,1
642,1283,2015-06-01,2015-06-07,2
643,1285,2015-06-01,2015-06-07,1
644,1287,2015-06-01,2015-06-07,2
645,1289,2015-06-01,2015-06-07,1
646,1291,2015-06-01,2015-06-07,2
647,1293,2015-06-01,2015-06-07,1
648,1295,2015-06-01,2015-06-07,2
649,1297,2015-06-01,2015-06-07,1
650,1299,2015-06-01,2015-06-07,2
651,1301,2015-06-01,2015-06-07,1
652,1303,2015-06-01,2015-06-07,2
653,1305,2015-06-01,2015-06-07,1
654,1307,2015-06-01,2015-06-07,2
655,1309,2015-06-01,2015-06-07,1
656,1311,2015-06-01,2015-06-07,2
657,1313,2015-06-01,2015-06-07,1
658,1315,2015-06-01,2015-06-07,2
659,1317,2015-06-01,2015-06-07,1
660,1319,2015-06-01,2015-06-07,2
661,1321,2015-06-01,2015-06-07,1
662,1323,2015-06-01,2015-06-07,2
663,1325,2015-06-01,2015-06-07,1
664,1327,2015-06-01,2015-06-07,2
665,1329,2015-06-01,2015-06-07,1
666,1331,2015-06-01,2015-06-07,2
667,1333,2015-06-01,2015-06-07,1
668,1335,2015-06-01,2015-06-07,2
669,1337,2015-06-01,2015-06-07,1
670,1339,2015-06-01,2015-06-07,2
671,1341,2015-06-01,2015-06-07,1
672,1343,2015-06-01,2015-06-07,2
673,1345,2015-06-01,2015-06-07,1
674,1347,2015-06-01,2015-06-07,2
675,1349,2015-06-01,2015-06-07,1
676,1351,2015-06-01,2015-06-07,2
677,1353,2015-06-01,2015-06-07,1
678,1355,2015-06-01,2015-06-07,2
679,1357,2015-06-01,2015-06-07,1
680,1359,2015-06-01,2015-06-07,2
681,1361,2015-06-01,2015-06-07,1
682,1363,2015-06-01,2015-06-07,2
683,1365,2015-06-01,2015-06-07,1
684,1367,2015-06-01,2015-06-07,2
685,1369,2015-06-01,2015-06-07,1
686,1371,2015-06-01,2015-06-07,2
687,1373,2015-06-01,2015-06-07,1
688,1375,2015-06-01,2015-06-07,2
689,1377,2015-06-01,2015-06-07,1
690,1379,2015-06-01,2015-06-07,2
691,1381,2015-06-01,2015-06-07,1
692,1383,2015-06-01,2015-06-07,2
693,1385,2015-06-01,2015-06-07,1
694,1387,2015-06-01,2015-06-07,2
695,1389,2015-06-01,2015-06-07,1
696,1391,2015-06-01,2015-06-07,2
697,1393,2015-06-01,2015-06-07,1
698,1395,2015-06-01,2015-06-07,2
699,1397,2015-06-01,2015-06-07,1
700,1399,2015-06-01,2015-06-07,2
701,1401,2015-06-01,2015-06-07,1
702,1403,2015-06-01,2015-06-07,2
703,1405,2015-06-01,2015-06-07,1
704,1407,2015-06-01,2015-06-07,2
705,1409,2015-06-01,2015-06-07,1
706,1411,2015-06-01,2015-06-07,2
707,1413,2015-06-01,2015-06-07,1
708,1415,2015-06-01,2015-06-07,2
709,1417,2015-06-01,2015-06-07,1
710,1419,2015-06-01,2015-06-07,2
711,1421,2015-06-01,2015-06-07,1
712,1423,2015-06-01,2015-06-07,2
713,1425,2015-06-01,2015-06-07,1
714,1427,2015-06-01,2015-06-07,2
715,1429,2015-06-01,2015-06-07,1
716,1431,2015-06-01,2015-06-07,2
717,1433,2015-06-01,2015-06-07,1
718,1435,2015-06-01,2015-06-07,2
719,1437,2015-06-01,2015-06-07,1
720,1439,2015-06-01,2015-06-07,2
721,1441,2015-06-01,2015-06-07,1
722,1443,2015-06-01,2015-06-07,2
723,1445,2015-06-01,2015-06-07,1
724,1447,2015-06-01,2015-06-07,2
725,1449,2015-06-01,2015-06-07,1
726,1451,2015-06-01,2015-06-07,2
727,1453,2015-06-01,2015-06-07,1
728,1455,2015-06-01,2015-06-07,2
729,1457,2015-06-01,2015-06-07,1
730,1459,2015-06-01,2015-06-07,2
731,1461,2015-06-01,2015-06-07,1
732,1463,2015-06-01,2015-06-07,2
733,1465,2015-06-01,2015-06-07,1
734,1467,2015-06-01,2015-06-07,2
735,1469,2015-06-01,2015-06-07,1
736,1471,2015-06-01,2015-06-07,2
737,1473,2015-06-01,2015-06-07,1
738,1475,2015-06-01,2015-06-07,2
739,1477,2015-06-01,2015-06-07,1
740,1479,2015-06-01,2015-06-07,2
741,1481,2015-06-01,2015-06-07,1
742,1483,2015-06-01,2015-06-07,2
743,1485,2015-06-01,2015-06-07,1
744,1487,2015-06-01,2015-06-07,2
745,1489,2015-06-01,2015-06-07,1
746,1491,2015-06-01,2015-06-07,2
747,1493,2015-06-01,2015-06-07,1
748,1495,2015-06-01,2015-06-07,2
749,1497,2015-06-01,2015-06-07,1
750,1499,2015-06-01,2015-06-07,2
751,1501,2015-06-01,2015-06-07,1
752,1503,2015-06-01,2015-06-07,2
753,1505,2015-06-01,2015-06-07,1
754,1507,2015-06-01,2015-06-07,2
755,1509,2015-06-01,2015-06-07,1
756,1511,2015-06-01,2015-06-07,2
757,1513,2015-06-01,2015-06-07,1
758,1515,2015-06-01,2015-06-07,2
759,1517,2015-06-01,2015-06-07,1
760,1519,2015-06-01,2015-06-07,2
761,1521,2015-06-01,2015-06-07,1
762,1523,2015-06-01,2015-06-07,2
763,1525,2015-06-01,2015-06-07,1
764,1527,2015-06-01,2015-06-07,2
765,1529,2015-06-01,2015-06-07,1
766,1531,2015-06-01,2015-06-07,2
767,1533,2015-06-01,2015-06-07,1
768,1535,2015-06-01,2015-06-07,2
769,1537,2015-06-01,2015-06-07,1
770,1539,2015-06-01,2015-06-07,2
771,1541,2015-06-01,2015-06-07,1
772,1543,2015-06-01,2015-06-07,2
773,1545,2015-06-01,2015-06-07,1
774,1547,2015-06-01,2015-06-07,2
775,1549,2015-06-01,2015-06-07,1
776,1551,2015-06-01,2015-06-07,2
777,1553,2015-06-01,2015-06-07,1
778,1555,2015-06-01,2015-06-07,2
779,1557,2015-06-01,2015-06-07,1
780,1559,2015-06-01,2015-06-07,2
781,1561,2015-06-01,2015-06-07,1
782,1563,2015-06-01,2015-06-07,2
783,1565,2015-06-01,2015-06-07,1
784,1567,2015-06-01,2015-06-07,2
785,1569,2015-06-01,2015-06-07,1
786,1571,2015-06-01,2015-06-07,2
787,1573,2015-06-01,2015-06-07,1
788,1575,2015-06-01,2015-06-07,2
789,1577,2015-06-01,2015-06-07,1
790,1579,2015-06-01,2015-06-07,2
791,1581,2015-06-01,2015-06-07,1
792,1583,2015-06-01,2015-06-07,2
793,1585,2015-06-01,2015-06-07,1
794,1587,2015-06-01,2015-06-07,2
795,1589,2015-06-01,2015-06-07,1
796,1591,2015-06-01,2015-06-07,2
797,1593,2015-06-01,2015-06-07,1
798,1595,2015-06-01,2015-06-07,2
799,1597,2015-06-01,2015-06-07,1
800,1599,2015-06-01,2015-06-07,2
801,1601,2015-06-01,2015-06-07,1
802,1603,2015-06-01,2015-06-07,2
803,1605,2015-06-01,2015-06-07,1
804,1607,2015-06-01,2015-06-07,2
805,1609,2015-06-01,2015-06-07,1
806,1611,2015-06-01,2015-06-07,2
807,1613,2015-06-01,2015-06-07,1
808,1615,2015-06-01,2015-06-07,2
809,1617,2015-06-01,2015-06-07,1
810,1619,2015-06-01,2015-06-07,2
811,1621,2015-06-01,2015-06-07,1
812,1623,2015-06-01,2015-06-07,2
813,1625,2015-06-01,2015-06-07,1
814,1627,2015-06-01,2015-06-07,2
815,1629,2015-06-01,2015-06-07,1
816,1631,2015-06-01,2015-06-07,2
817,1633,2015-06-01,2015-06-07,1
818,1635,2015-06-01,2015-06-07,2
819,1637,2015-06-01,2015-06-07,1
820,1639,2015-06-01,2015-06-07,2
821,1641,2015-06-01,2015-06-07,1
822,1643,2015-06-01,2015-06-07,2
823,1645,2015-06-01,2015-06-07,1
824,1647,2015-06-01,2015-06-07,2
825,1649,2015-06-01,2015-06-07,1
826,1651,2015-06-01,2015-06-07,2
827,1653,2015-06-01,2015-06-07,1
828,1655,2015-06-01,2015-06-07,2
829,1657,2015-06-01,2015-06-07,1
830,1659,2015-06-01,2015-06-07,2
831,1661,2015-06-01,2015-06-07,1
832,1663,2015-06-01,2015-06-07,2
833,1665,2015-06-01,2015-06-07,1
834,1667,2015-06-01,2015-06-07,2
835,1669,2015-06-01,2015-06-07,1
836,1671,2015-06-01,2015-06-07,2
837,1673,2015-06-01,2015-06-07,1
838,1675,2015-06-01,2015-06-07,2
839,1677,2015-06-01,2015-06-07,1
840,1679,2015-06-01,2015-06-07,2
841,1681,2015-06-01,2015-06-07,1
842,1683,2015-06-01,2015-06-07,2
843,1685,2015-06-01,2015-06-07,1
844,1687,2015-06-01,2015-06-07,2
845,1689,2015-06-01,2015-06-07,1
846,1691,2015-06-01,2015-06-07,2
847,1693,2015-06-01,2015-06-07,1
848,1695,2015-06-01,2015-06-07,2
849,1697,2015-06-01,2015-06-07,1
850,1699,2015-06-01,2015-06-07,2
851,1701,2015-06-01,2015-06-07,1
852,1703,2015-06-01,2015-06-07,2
853,1705,2015-06-01,2015-06-07,1
854,1707,2015-06-01,2015-06-07,2
855,1709,2015-06-01,2015-06-07,1
856,1711,2015-06-01,2015-06-07,2
857,1713,2015-06-01,2015-06-07,1
858,1715,2015-06-01,2015-06-07,2
859,1717,2015-06-01,2015-06-07,1
860,1719,2015-06-01,2015-06-07,2
861,1721,2015-06-01,2015-06-07,1
862,1723,2015-06-01,2015-06-07,2
863,1725,2015-06-01,2015-06-07,1
864,1727,2015-06-01,2015-06-07,2
865,1729,2015-06-01,2015-06-07,1
866,1731,2015-06-01,2015-06-07,2
867,1733,2015-06-01,2015-06-07,1
868,1735,2015-06-01,2015-06-07,2
869,1737,2015-06-01,2015-06-07,1
870,1739,2015-06-01,2015-06-07,2
871,1741,2015-06-01,2015-06-07,1
872,1743,2015-06-01,2015-06-07,2
873,1745,2015-06-01,2015-06-07,1
874,1747,2015-06-01,2015-06-07,2
875,1749,2015-06-01,2015-06-07,1
876,1751,2015-06-01,2015-06-07,2
877,1753,2015-06-01,2015-06-07,1
878,1755,2015-06-01,2015-06-07,2
879,1757,2015-06-01,2015-06-07,1
880,1759,2015-06-01,2015-06-07,2
881,1761,2015-06-01,2015-06-07,1
882,1763,2015-06-01,2015-06-07,2
883,1765,2015-06-01,2015-06-07,1
884,1767,2015-06-01,2015-06-07,2
885,1769,2015-06-01,2015-06-07,1
886,1771,2015-06-01,2015-06-07,2
887,1773,2015-06-01,2015-06-07,1
888,1775,2015-06-01,2015-06-07,2
889,1777,2015-06-01,2015-06-07,1
890,1779,2015-06-01,2015-06-07,2
891,1781,2015-06-01,2015-06-07,1
892,1783,2015-06-01,2015-06-07,2
893,1785,2015-06-01,2015-06-07,1
894,1787,2015-06-01,2015-06-07,2
895,1789,2015-06-01,2015-06-07,1
896,1791,2015-06-01,2015-06-07,2
897,1793,2015-06-01,2015-06-07,1
898,1795,2015-06-01,2015-06-07,2
899,1797,2015-06-01,2015-06-07,1
900,1799,2015-06-01,2015-06-07,2
901,1801,2015-06-01,2015-06-07,1
902,1803,2015-06-01,2015-06-07,2
903,1805,2015-06-01,2015-06-07,1
904,1807,2015-06-01,2015-06-07,2
905,1809,2015-06-01,2015-06-07,1
906,1811,2015-06-01,2015-06-07,2
907,1813,2015-06-01,2015-06-07,1
908,1815,2015-06-01,2015-06-07,2
909,1817,2015-06-01,2015-06-07,1
910,1819,2015-06-01,2015-06-07,2
911,1821,2015-06-01,2015-06-07,1
912,1823,2015-06-01,2015-06-07,2
913,1825,2015-06-01,2015-06-07,1
914,1827,2015-06-01,2015-06-07,2
915,1829,2015-06-01,2015-06-07,1
916,1831,2015-06-01,2015-06-07,2
917,1833,2015-06-01,2015-06-07,1
918,1835,2015-06-01,2015-06-07,2
919,1837,2015-06-01,2015-06-07,1
920,1839,2015-06-01,2015-06-07,2
921,1841,2015-06-01,2015-06-07,1
922,1843,2015-06-01,2015-06-07,2
923,1845,2015-06-01,2015-06-07,1
924,1847,2015-06-01,2015-06-07,2
925,1849,2015-06-01,2015-06-07,1
926,1851,2015-06-01,2015-06-07,2
927,1853,2015-06-01,2015-06-07,1
928,1855,2015-06-01,2015-06-07,2
929,1857,2015-06-01,2015-06-07,1
930,1859,2015-06-01,2015-06-07,2
931,1861,2015-06-01,2015-06-07,1
932,1863,2015-06-01,2015-06-07,2
933,1865,2015-06-01,2015-06-07,1
934,1867,2015-06-01,2015-06-07,2
935,1869,2015-06-01,2015-06-07,1
936,1871,2015-06-01,2015-06-07,2
937,1873,2015-06-01,2015-06-07,1
938,1875,2015-06-01,2015-06-07,2
939,1877,2015-06-01,2015-06-07,1
940,1879,2015-06-01,2015-06-07,2
941,1881,2015-06-01,2015-06-07,1
942,1883,2015-06-01,2015-06-07,2
943,1885,2015-06-01,2015-06-07,1
944,1887,2015-06-01,2015-06-07,2
945,1889,2015-06-01,2015-06-07,1
946,1891,2015-06-01,2015-06-07,2
947,1893,2015-06-01,2015-06-07,1
948,1895,2015-06-01,2015-06-07,2
949,1897,2015-06-01,2015-06-07,1
950,1899,2015-06-01,2015-06-07,2
951,1901,2015-06-01,2015-06-07,1
952,1903,2015-06-01,2015-06-07,2
953,1905,2015-06-01,2015-06-07,1
954,1907,2015-06-01,2015-06-07,2
955,1909,2015-06-01,2015-06-07,1
956,1911,2015-06-01,2015-06-07,2
957,1913,2015-06-01,2015-06-07,1
958,1915,2015-06-01,2015-06-07,2
959,1917,2015-06-01,2015-06-07,1
960,1919,2015-06-01,2015-06-07,2
961,1921,2015-06-01,2015-06-07,1
962,1923,2015-06-01,2015-06-07,2
963,1925,2015-06-01,2015-06-07,1
964,1927,2015-06-01,2015-06-07,2
965,1929,2015-06-01,2015-06-07,1
966,1931,2015-06-01,2015-06-07,2
967,1933,2015-06-01,2015-06-07,1
968,1935,2015-06-01,2015-06-07,2
969,1937,2015-06-01,2015-06-07,1
970,1939,2015-06-01,2015-06-07,2
971,1941,2015-06-01,2015-06-07,1
972,1943,2015-06-01,2015-06-07,2
973,1945,2015-06-01,2015-06-07,1
974,1947,2015-06-01,2015-06-07,2
975,1949,2015-06-01,2015-06-07,1
976,1951,2015-06-01,2015-06-07,2
977,1953,2015-06-01,2015-06-07,1
978,1955,2015-06-01,2015-06-07,2
979,1957,2015-06-01,2015-06-07,1
980,1959,2015-06-01,2015-06-07,2
981,1961,2015-06-01,2015-06-07,1
982,1963,2015-06-01,2015-06-07,2
983,1965,2015-06-01,2015-06-07,1
984,1967,2015-06-01,2015-06-07,2
985,1969,2015-06-01,2015-06-07,1
986,1971,2015-06-01,2015-06-07,2
987,1973,2015-06-01,2015-06-07,1
988,1975,2015-06-01,2015-06-07,2
989,1977,2015-06-01,2015-06-07,1
990,1979,2015-06-01,2015-06-07,2
991,1981,2015-06-01,2015-06-07,1
992,1983,2015-06-01,2015-06-07,2
993,1985,2015-06-01,2015-06-07,1
994,1987,2015-06-01,2015-06-07,2
995,1989,2015-06-01,2015-06-07,1
996,1991,2015-06-01,2015-06-07,2
997,1993,2015-06-01,2015-06-07,1
998,1995,2015-06-01,2015-06-07,2
999,1997,2015-06-01,2015-06-07,1
1000,1999,2015-06-01,2015-06-07,2
1001,2001,2015-06-01,2015-06-07,1
1002,2003,2015-06-01,2015-06-07,2
1003,2005,2015-06-01,2015-06-07,1
1004,2007,2015-06-01,2015-06-07,2
1005,2009,2015-06-01,2015-06-07,1
1006,2011,2015-06-01,2015-06-07,2
1007,2013,2015-06-01,2015-06-07,1
1008,2015,2015-06-01,2015-06-07,2
1009,2017,2015-06-01,2015-06-07,1
1010,2019,2015-06-01,2015-06-07,2
1011,2021,2015-06-01,2015-06-07,1
1012,2023,2015-06-01,2015-06-07,2
1013,2025,2015-06-01,2015-06-07,1
1014,2027,2015-06-01,2015-06-07,2
1015,2029,2015-06-01,2015-06-07,1
1016,2031,2015-06-01,2015-06-07,2
1017,2033,2015-06-01,2015-06-07,1
1018,2035,2015-06-01,2015-06-07,2
1019,2037,2015-06-01,2015-06-07,1
1020,2039,2015-06-01,2015-06-07,2
1021,2041,2015-06-01,2015-06-07,1
1022,2043,2015-06-01,2015-06-07,2
1023,2045,2015-06-01,2015-06-07,1
1024,2047,2015-06-01,2015-06-07,2
1025,2049,2015-06-01,2015-06-07,1
1026,2051,2015-06-01,2015-06-07,2
1027,2053,2015-06-01,2015-06-07,1
1028,2055,2015-06-01,2015-06-07,2
1029,2057,2015-06-01,2015-06-07,1
1030,2059,2015-06-01,2015-06-07,2
1031,2061,2015-06-01,2015-06-07,1
1032,2063,2015-06-01,2015-06-07,2
1033,2065,2015-06-01,2015-06-07,1
1034,2067,2015-06-01,2015-06-07,2
1035,2069,2015-06-01,2015-06-07,1
1036,2071,2015-06-01,2015-06-07,2
1037,2073,2015-06-01,2015-06-07,1
1038,2075,2015-06-01,2015-06-07,2
1039,2077,2015-06-01,2015-06-07,1
1040,2079,2015-06-01,2015-06-07,2
1041,2081,2015-06-01,2015-06-07,1
1042,2083,2015-06-01,2015-06-07,2
1043,2085,2015-06-01,2015-06-07,1
1044,2087,2015-06-01,2015-06-07,2
1045,2089,2015-06-01,2015-06-07,1
1046,2091,2015-06-01,2015-06-07,2
1047,2093,2015-06-01,2015-06-07,1
1048,2095,2015-06-01,2015-06-07,2
1049,2097,2015-06-01,2015-06-07,1
1050,2099,2015-06-01,2015-06-07,2
1051,2101,2015-06-01,2015-06-07,1
1052,2103,2015-06-01,2015-06-07,2
1053,2105,2015-06-01,2015-06-07,1
1054,2107,2015-06-01,2015-06-07,2
1055,2109,2015-06-01,2015-06-07,1
1056,2111,2015-06-01,2015-06-07,2
1057,2113,2015-06-01,2015-06-07,1
1058,2115,2015-06-01,2015-06-07,2
1059,2117,2015-06-01,2015-06-07,1
1060,2119,2015-06-01,2015-06-07,2
1061,2121,2015-06-01,2015-06-07,1
1062,2123,2015-06-01,2015-06-07,2
1063,2125,2015-06-01,2015-06-07,1
1064,2127,2015-06-01,2015-06-07,2
1065,2129,2015-06-01,2015-06-07,1
1066,2131,2015-06-01,2015-06-07,2
1067,2133,2015-06-01,2015-06-07,1
1068,2135,2015-06-01,2015-06-07,2
1069,2137,2015-06-01,2015-06-07,1
1070,2139,2015-06-01,2015-06-07,2
1071,2141,2015-06-01,2015-06-07,1
1072,2143,2015-06-01,2015-06-07,2
1073,2145,2015-06-01,2015-06-07,1
1074,2147,2015-06-01,2015-06-07,2
1075,2149,2015-06-01,2015-06-07,1
1076,2151,2015-06-01,2015-06-07,2
1077,2153,2015-06-01,2015-06-07,1
1078,2155,2015-06-01,2015-06-07,2
1079,2157,2015-06-01,2015-06-07,1
1080,2159,2015-06-01,2015-06-07,2
1081,2161,2015-06-01,2015-06-07,1
1082,2163,2015-06-01,2015-06-07,2
1083,2165,2015-06-01,2015-06-07,1
1084,2167,2015-06-01,2015-06-07,2
1085,2169,2015-06-01,2015-06-07,1
1086,2171,2015-06-01,2015-06-07,2
1087,2173,2015-06-01,2015-06-07,1
1088,2175,2015-06-01,2015-06-07,2
1089,2177,2015-06-01,2015-06-07,1
1090,2179,2015-06-01,2015-06-07,2
1091,2181,2015-06-01,2015-06-07,1
1092,2183,2015-06-01,2015-06-07,2
1093,2185,2015-06-01,2015-06-07,1
1094,2187,2015-06-01,2015-06-07,2
1095,2189,2015-06-01,2015-06-07,1
1096,2191,2015-06-01,2015-06-07,2
1097,2193,2015-06-01,2015-06-07,1
1098,2195,2015-06-01,2015-06-07,2
1099,2197,2015-06-01,2015-06-07,1
1100,2199,2015-06-01,2015-06-07,2
1101,2201,2015-06-01,2015-06-07,1
1102,2203,2015-06-01,2015-06-07,2
1103,2205,2015-06-01,2015-06-07,1
1104,2207,2015-06-01,2015-06-07,2
1105,2209,2015-06-01,2015-06-07,1
1106,2211,2015-06-01,2015-06-07,2
1107,2213,2015-06-01,2015-06-07,1
1108,2215,2015-06-01,2015-06-07,2
1109,2217,2015-06-01,2015-06-07,1
1110,2219,2015-06-01,2015-06-07,2
1111,2221,2015-06-01,2015-06-07,1
1112,2223,2015-06-01,2015-06-07,2
1113,2225,2015-06-01,2015-06-07,1
1114,2227,2015-06-01,2015-06-07,2
1115,2229,2015-06-01,2015-06-07,1
1116,2231,2015-06-01,2015-06-07,2
1117,2233,2015-06-01,2015-06-07,1
1118,2235,2015-06-01,2015-06-07,2
1119,2237,2015-06-01,2015-06-07,1
1120,2239,2015-06-01,2015-06-07,2
1121,2241,2015-06-01,2015-06-07,1
1122,2243,2015-06-01,2015-06-07,2
1123,2245,2015-06-01,2015-06-07,1
1124,2247,2015-06-01,2015-06-07,2
1125,2249,2015-06-01,2015-06-07,1
1126,2251,2015-06-01,2015-06-07,2
1127,2253,2015-06-01,2015-06-07,1
1128,2255,2015-06-01,2015-06-07,2
1129,2257,2015-06-01,2015-06-07,1
1130,2259,2015-06-01,2015-06-07,2
1131,2261,2015-06-01,2015-06-07,1
1132,2263,2015-06-01,2015-06-07,2
1133,2265,2015-06-01,2015-06-07,1
1134,2267,2015-06-01,2015-06-07,2
1135,2269,2015-06-01,2015-06-07,1
1136,2271,2015-06-01,2015-06-07,2
1137,2273,2015-06-01,2015-06-07,1
1138,2275,2015-06-01,2015-06-07,2
1139,2277,2015-06-01,2015-06-07,1
1140,2279,2015-06-01,2015-06-07,2
1141,2281,2015-06-01,2015-06-07,1
1142,2283,2015-06-01,2015-06-07,2
1143,2285,2015-06-01,2015-06-07,1
1144,2287,2015-06-01,2015-06-07,2
1145,2289,2015-06-01,2015-06-07,1
1146,2291,2015-06-01,2015-06-07,2
1147,2293,2015-06-01,2015-06-07,1
1148,2295,2015-06-01,2015-06-07,2
1149,2297,2015-06-01,2015-06-07,1
1150,2299,2015-06-01,2015-06-07,2
1151,2301,2015-06-01,2015-06-07,1
1152,2303,2015-06-01,2015-06-07,2
1153,2305,2015-06-01,2015-06-07,1
1154,2307,2015-06-01,2015-06-07,2
1155,2309,2015-06-01,2015-06-07,1
1156,2311,2015-06-01,2015-06-07,2
1157,2313,2015-06-01,2015-06-07,1
1158,2315,2015-06-01,2015-06-07,2
1159,2317,2015-06-01,2015-06-07,1
1160,2319,2015-06-01,2015-06-07,2
1161,2321,2015-06-01,2015-06-07,1
1162,2323,2015-06-01,2015-06-07,2
1163,2325,2015-06-01,2015-06-07,1
1164,2327,2015-06-01,2015-06-07,2
1165,2329,2015-06-01,2015-06-07,1
1166,2331,2015-06-01,2015-06-07,2
1167,2333,2015-06-01,2015-06-07,1
1168,2335,2015-06-01,2015-06-07,2
1169,2337,2015-06-01,2015-06-07,1
1170,2339,2015-06-01,2015-06-07,2
1171,2341,2015-06-01,2015-06-07,1
1172,2343,2015-06-01,2015-06-07,2
1173,2345,2015-06-01,2015-06-07,1
1174,2347,2015-06-01,2015-06-07,2
1175,2349,2015-06-01,2015-06-07,1
1176,2351,2015-06-01,2015-06-07,2
1177,2353,2015-06-01,2015-06-07,1
1178,2355,2015-06-01,2015-06-07,2
1179,2357,2015-06-01,2015-06-07,1
1180,2359,2015-06-01,2015-06-07,2
1181,2361,2015-06-01,2015-06-07,1
1182,2363,2015-06-01,2015-06-07,2
1183,2365,2015-06-01,2015-06-07,1
1184,2367,2015-06-01,2015-06-07,2
1185,2369,2015-06-01,2015-06-07,1
1186,2371,2015-06-01,2015-06-07,2
1187,2373,2015-06-01,2015-06-07,1
1188,2375,2015-06-01,2015-06-07,2
1189,2377,2015-06-01,2015-06-07,1
1190,2379,2015-06-01,2015-06-07,2
1191,2381,2015-06-01,2015-06-07,1
1192,2383,2015-06-01,2015-06-07,2
1193,2385,2015-06-01,2015-06-07,1
1194,2387,2015-06-01,2015-06-07,2
1195,2389,2015-06-01,2015-06-07,1
1196,2391,2015-06-01,2015-06-07,2
1197,2393,2015-06-01,2015-06-07,1
1198,2395,2015-06-01,2015-06-07,2
1199,2397,2015-06-01,2015-06-07,1
1200,2399,2015-06-01,2015-06-07,2
1201,2401,2015-06-01,2015-06-07,1
1202,2403,2015-06-01,2015-06-07,2
1203,2405,2015-06-01,2015-06-07,1
1204,2407,2015-06-01,2015-06-07,2
1205,2409,2015-06-01,2015-06-07,1
1206,2411,2015-06-01,2015-06-07,2
1207,2413,2015-06-01,2015-06-07,1
1208,2415,2015-06-01,2015-06-07,2
1209,2417,2015-06-01,2015-06-07,1
1210,2419,2015-06-01,2015-06-07,2
1211,2421,2015-06-01,2015-06-07,1
1212,2423,2015-06-01,2015-06-07,2
1213,2425,2015-06-01,2015-06-07,1
1214,2427,2015-06-01,2015-06-07,2
1215,2429,2015-06-01,2015-06-07,1
1216,2431,2015-06-01,2015-06-07,2
1217,2433,2015-06-01,2015-06-07,1
1218,2435,2015-06-01,2015-06-07,2
1219,2437,2015-06-01,2015-06-07,1
1220,2439,2015-06-01,2015-06-07,2
1221,2441,2015-06-01,2015-06-07,1
1222,2443,2015-06-01,2015-06-07,2
1223,2445,2015-06-01,2015-06-07,1
1224,2447,2015-06-01,2015-06-07,2
1225,2449,2015-06-01,2015-06-07,1
1226,2451,2015-06-01,2015-06-07,2
1227,2453,2015-06-01,2015-06-07,1
1228,2455,2015-06-01,2015-06-07,2
1229,2457,2015-06-01,2015-06-07,1
1230,2459,2015-06-01,2015-06-07,2
1231,2461,2015-06-01,2015-06-07,1
1232,2463,2015-06-01,2015-06-07,2
1233,2465,2015-06-01,2015-06-07,1
1234,2467,2015-06-01,2015-06-07,2
1235,2469,2015-06-01,2015-06-07,1
1236,2471,2015-06-01,2015-06-07,2
1237,2473,2015-06-01,2015-06-07,1
1238,2475,2015-06-01,2015-06-07,2
1239,2477,2015-06-01,2015-06-07,1
1240,2479,2015-06-01,2015-06-07,2
1241,2481,2015-06-01,2015-06-07,1
1242,2483,2015-06-01,2015-06-07,2
1243,2485,2015-06-01,2015-06-07,1
1244,2487,2015-06-01,2015-06-07,2
1245,2489,2015-06-01,2015-06-07,1
1246,2491,2015-06-01,2015-06-07,2
1247,2493,2015-06-01,2015-06-07,1
1248,2495,2015-06-01,2015-06-07,2
1249,2497,2015-06-01,2015-06-07,1
1250,2499,2015-06-01,2015-06-07,2
1251,2501,2015-06-01,2015-06-07,1
1252,2503,2015-06-01,2015-06-07,2
1253,2505,2015-06-01,2015-06-07,1
1254,2507,2015-06-01,2015-06-07,2
1255,2509,2015-06-01,2015-06-07,1
1256,2511,2015-06-01,2015-06-07,2
1257,2513,2015-06-01,2015-06-07,1
1258,2515,2015-06-01,2015-06-07,2
1259,2517,2015-06-01,2015-06-07,1
1260,2519,2015-06-01,2015-06-07,2
1261,2521,2015-06-01,2015-06-07,1
1262,2523,2015-06-01,2015-06-07,2
1263,2525,2015-06-01,2015-06-07,1
1264,2527,2015-06-01,2015-06-07,2
1265,2529,2015-06-01,2015-06-07,1
1266,2531,2015-06-01,2015-06-07,2
1267,2533,2015-06-01,2015-06-07,1
1268,2535,2015-06-01,2015-06-07,2
1269,2537,2015-06-01,2015-06-07,1
1270,2539,2015-06-01,2015-06-07,2
1271,2541,2015-06-01,2015-06-07,1
1272,2543,2015-06-01,2015-06-07,2
1273,2545,2015-06-01,2015-06-07,1
1274,2547,2015-06-01,2015-06-07,2
1275,2549,2015-06-01,2015-06-07,1
1276,2551,2015-06-01,2015-06-07,2
1277,2553,2015-06-01,2015-06-07,1
1278,2555,2015-06-01,2015-06-07,2
1279,2557,2015-06-01,2015-06-07,1
1280,2559,2015-06-01,2015-06-07,2
1281,2561,2015-06-01,2015-06-07,1
1282,2563,2015-06-01,2015-06-07,2
1283,2565,2015-06-01,2015-06-07,1
1284,2567,2015-06-01,2015-06-07,2
1285,2569,2015-06-01,2015-06-07,1
1286,2571,2015-06-01,2015-06-07,2
1287,2573,2015-06-01,2015-06-07,1
1288,2575,2015-06-01,2015-06-07,2
1289,2577,2015-06-01,2015-06-07,1
1290,2579,2015-06-01,2015-06-07,2
1291,2581,2015-06-01,2015-06-07,1
1292,2583,2015-06-01,2015-06-07,2
1293,2585,2015-06-01,2015-06-07,1
1294,2587,2015-06-01,2015-06-07,2
1295,2589,2015-06-01,2015-06-07,1
1296,2591,2015-06-01,2015-06-07,2
1297,2593,2015-06-01,2015-06-07,1
1298,2595,2015-06-01,2015-06-07,2
1299,2597,2015-06-01,2015-06-07,1
1300,2599,2015-06-01,2015-06-07,2
1301,2601,2015-06-01,2015-06-07,1
1302,2603,2015-06-01,2015-06-07,2
1303,2605,2015-06-01,2015-06-07,1
1304,2607,2015-06-01,2015-06-07,2
1305,2609,2015-06-01,2015-06-07,1
1306,2611,2015-06-01,2015-06-07,2
1307,2613,2015-06-01,2015-06-07,1
1308,2615,2015-06-01,2015-06-07,2
1309,2617,2015-06-01,2015-06-07,1
1310,2619,2015-06-01,2015-06-07,2
1311,2621,2015-06-01,2015-06-07,1
1312,2623,2015-06-01,2015-06-07,2
1313,2625,2015-06-01,2015-06-07,1
1314,2627,2015-06-01,2015-06-07,2
1315,2629,2015-06-01,2015-06-07,1
1316,2631,2015-06-01,2015-06-07,2
1317,2633,2015-06-01,2015-06-07,1
1318,2635,2015-06-01,2015-06-07,2
1319,2637,2015-06-01,2015-06-07,1
1320,2639,2015-06-01,2015-06-07,2
1321,2641,2015-06-01,2015-06-07,1
1322,2643,2015-06-01,2015-06-07,2
1323,2645,2015-06-01,2015-06-07,1
1324,2647,2015-06-01,2015-06-07,2
1325,2649,2015-06-01,2015-06-07,1
1326,2651,2015-06-01,2015-06-07,2
1327,2653,2015-06-01,2015-06-07,1
1328,2655,2015-06-01,2015-06-07,2
1329,2657,2015-06-01,2015-06-07,1
1330,2659,2015-06-01,2015-06-07,2
1331,2661,2015-06-01,2015-06-07,1
1332,2663,2015-06-01,2015-06-07,2
1333,2665,2015-06-01,2015-06-07,1
1334,2667,2015-06-01,2015-06-07,2
1335,2669,2015-06-01,2015-06-07,1
1336,2671,2015-06-01,2015-06-07,2
1337,2673,2015-06-01,2015-06-07,1
1338,2675,2015-06-01,2015-06-07,2
1339,2677,2015-06-01,2015-06-07,1
1340,2679,2015-06-01,2015-06-07,2
1341,2681,2015-06-01,2015-06-07,1
1342,2683,2015-06-01,2015-06-07,2
1343,2685,2015-06-01,2015-06-07,1
1344,2687,2015-06-01,2015-06-07,2
1345,2689,2015-06-01,2015-06-07,1
1346,2691,2015-06-01,2015-06-07,2
1347,2693,2015-06-01,2015-06-07,1
1348,2695,2015-06-01,2015-06-07,2
1349,2697,2015-06-01,2015-06-07,1
1350,2699,2015-06-01,2015-06-07,2
1351,2701,2015-06-01,2015-06-07,1
1352,2703,2015-06-01,2015-06-07,2
1353,2705,2015-06-01,2015-06-07,1
1354,2707,2015-06-01,2015-06-07,2
1355,2709,2015-06-01,2015-06-07,1
1356,2711,2015-06-01,2015-06-07,2
1357,2713,2015-06-01,2015-06-07,1
1358,2715,2015-06-01,2015-06-07,2
1359,2717,2015-06-01,2015-06-07,1
1360,2719,2015-06-01,2015-06-07,2
1361,2721,2015-06-01,2015-06-07,1
1362,2723,2015-06-01,2015-06-07,2
1363,2725,2015-06-01,2015-06-07,1
1364,2727,2015-06-01,2015-06-07,2
1365,2729,2015-06-01,2015-06-07,1
1366,2731,2015-06-01,2015-06-07,2
1367,2733,2015-06-01,2015-06-07,1
1368,2735,2015-06-01,2015-06-07,2
1369,2737,2015-06-01,2015-06-07,1
1370,2739,2015-06-01,2015-06-07,2
1371,2741,2015-06-01,2015-06-07,1
1372,2743,2015-06-01,2015-06-07,2
1373,2745,2015-06-01,2015-06-07,1
1374,2747,2015-06-01,2015-06-07,2
1375,2749,2015-06-01,2015-06-07,1
1376,2751,2015-06-01,2015-06-07,2
1377,2753,2015-06-01,2015-06-07,1
1378,2755,2015-06-01,2015-06-07,2
1379,2757,2015-06-01,2015-06-07,1
1380,2759,2015-06-01,2015-06-07,2
1381,2761,2015-06-01,2015-06-07,1
1382,2763,2015-06-01,2015-06-07,2
1383,2765,2015-06-01,2015-06-07,1
1384,2767,2015-06-01,2015-06-07,2
1385,2769,2015-06-01,2015-06-07,1
1386,2771,2015-06-01,2015-06-07,2
1387,2773,2015-06-01,2015-06-07,1
1388,2775,2015-06-01,2015-06-07,2
1389,2777,2015-06-01,2015-06-07,1
1390,2779,2015-06-01,2015-06-07,2
1391,2781,2015-06-01,2015-06-07,1
1392,2783,2015-06-01,2015-06-07,2
1393,2785,2015-06-01,2015-06-07,1
1394,2787,2015-06-01,2015-06-07,2
1395,2789,2015-06-01,2015-06-07,1
1396,2791,2015-06-01,2015-06-07,2
1397,2793,2015-06-01,2015-06-07,1
1398,2795,2015-06-01,2015-06-07,2
1399,2797,2015-06-01,2015-06-07,1
1400,2799,2015-06-01,2015-06-07,2
1401,2801,2015-06-01,2015-06-07,1
1402,2803,2015-06-01,2015-06-07,2
1403,2805,2015-06-01,2015-06-07,1
1404,2807,2015-06-01,2015-06-07,2
1405,2809,2015-06-01,2015-06-07,1
1406,2811,2015-06-01,2015-06-07,2
1407,2813,2015-06-01,2015-06-07,1
1408,2815,2015-06-01,2015-06-07,2
1409,2817,2015-06-01,2015-06-07,1
1410,2819,2015-06-01,2015-06-07,2
1411,2821,2015-06-01,2015-06-07,1
1412,2823,2015-06-01,2015-06-07,2
1413,2825,2015-06-01,2015-06-07,1
1414,2827,2015-06-01,2015-06-07,2
1415,2829,2015-06-01,2015-06-07,1
1416,2831,2015-06-01,2015-06-07,2
1417,2833,2015-06-01,2015-06-07,1
1418,2835,2015-06-01,2015-06-07,2
1419,2837,2015-06-01,2015-06-07,1
1420,2839,2015-06-01,2015-06-07,2
1421,2841,2015-06-01,2015-06-07,1
1422,2843,2015-06-01,2015-06-07,2
1423,2845,2015-06-01,2015-06-07,1
1424,2847,2015-06-01,2015-06-07,2
1425,2849,2015-06-01,2015-06-07,1
1426,2851,2015-06-01,2015-06-07,2
1427,2853,2015-06-01,2015-06-07,1
1428,2855,2015-06-01,2015-06-07,2
1429,2857,2015-06-01,2015-06-07,1
1430,2859,2015-06-01,2015-06-07,2
1431,2861,2015-06-01,2015-06-07,1
1432,2863,2015-06-01,2015-06-07,2
1433,2865,2015-06-01,2015-06-07,1
1434,2867,2015-06-01,2015-06-07,2
1435,2869,2015-06-01,2015-06-07,1
1436,2871,2015-06-01,2015-06-07,2
1437,2873,2015-06-01,2015-06-07,1
1438,2875,2015-06-01,2015-06-07,2
1439,2877,2015-06-01,2015-06-07,1
1440,2879,2015-06-01,2015-06-07,2
1441,2881,2015-06-01,2015-06-07,1
1442,2883,2015-06-01,2015-06-07,2
1443,2885,2015-06-01,2015-06-07,1
1444,2887,2015-06-01,2015-06-07,2
1445,2889,2015-06-01,2015-06-07,1
1446,2891,2015-06-01,2015-06-07,2
1447,2893,2015-06-01,2015-06-07,1
1448,2895,2015-06-01,2015-06-07,2
1449,2897,2015-06-01,2015-06-07,1
1450,2899,2015-06-01,2015-06-07,2
1451,2901,2015-06-01,2015-06-07,1
1452,2903,2015-06-01,2015-06-07,2
1453,2905,2015-06-01,2015-06-07,1
1454,2907,2015-06-01,2015-06-07,2
1455,2909,2015-06-01,2015-06-07,1
1456,2911,2015-06-01,2015-06-07,2
1457,2913,2015-06-01,2015-06-07,1
1458,2915,2015-06-01,2015-06-07,2
1459,2917,2015-06-01,2015-06-07,1
1460,2919,2015-06-01,2015-06-07,2
1461,2921,2015-06-01,2015-06-07,1
1462,2923,2015-06-01,2015-06-07,2
1463,2925,2015-06-01,2015-06-07,1
1464,2927,2015-06-01,2015-06-07,2
1465,2929,2015-06-01,2015-06-07,1
1466,2931,2015-06-01,2015-06-07,2
1467,2933,2015-06-01,2015-06-07,1
1468,2935,2015-06-01,2015-06-07,2
1469,2937,2015-06-01,2015-06-07,1
1470,2939,2015-06-01,2015-06-07,2
1471,2941,2015-06-01,2015-06-07,1
1472,2943,2015-06-01,2015-06-07,2
1473,2945,2015-06-01,2015-06-07,1
1474,2947,2015-06-01,2015-06-07,2
1475,2949,2015-06-01,2015-06-07,1
1476,2951,2015-06-01,2015-06-07,2
1477,2953,2015-06-01,2015-06-07,1
1478,2955,2015-06-01,2015-06-07,2
1479,2957,2015-06-01,2015-06-07,1
1480,2959,2015-06-01,2015-06-07,2
1481,2961,2015-06-01,2015-06-07,1
1482,2963,2015-06-01,2015-06-07,2
1483,2965,2015-06-01,2015-06-07,1
1484,2967,2015-06-01,2015-06-07,2
1485,2969,2015-06-01,2015-06-07,1
1486,2971,2015-06-01,2015-06-07,2
1487,2973,2015-06-01,2015-06-07,1
1488,2975,2015-06-01,2015-06-07,2
1489,2977,2015-06-01,2015-06-07,1
1490,2979,2015-06-01,2015-06-07,2
1491,2981,2015-06-01,2015-06-07,1
1492,2983,2015-06-01,2015-06-07,2
1493,2985,2015-06-01,2015-06-07,1
1494,2987,2015-06-01,2015-06-07,2
1495,2989,2015-06-01,2015-06-07,1
1496,2991,2015-06-01,2015-06-07,2
1497,2993,2015-06-01,2015-06-07,1
1498,2995,2015-06-01,2015-06-07,2
1499,2997,2015-06-01,2015-06-07,1
1500,2999,2015-06-01,2015-06-07,2
1501,3001,2015-06-01,2015-06-07,1
1502,3003,2015-06-01,2015-06-07,2
1503,3005,2015-06-01,2015-06-07,1
1504,3007,2015-06-01,2015-06-07,2
1505,3009,2015-06-01,2015-06-07,1
1506,3011,2015-06-01,2015-06-07,2
1507,3013,2015-06-01,2015-06-07,1
1508,3015,2015-06-01,2015-06-07,2
1509,3017,2015-06-01,2015-06-07,1
1510,3019,2015-06-01,2015-06-07,2
1511,3021,2015-06-01,2015-06-07,1
1512,3023,2015-06-01,2015-06-07,2
1513,3025,2015-06-01,2015-06-07,1
1514,3027,2015-06-01,2015-06-07,2
1515,3029,2015-06-01,2015-06-07,1
1516,3031,2015-06-01,2015-06-07,2
1517,3033,2015-06-01,2015-06-07,1
1518,3035,2015-06-01,2015-06-07,2
1519,3037,2015-06-01,2015-06-07,1
1520,3039,2015-06-01,2015-06-07,2
1521,3041,2015-06-01,2015-06-07,1
1522,3043,2015-06-01,2015-06-07,2
1523,3045,2015-06-01,2015-06-07,1
1524,3047,2015-06-01,2015-06-07,2
1525,3049,2015-06-01,2015-06-07,1
1526,3051,2015-06-01,2015-06-07,2
1527,3053,2015-06-01,2015-06-07,1
1528,3055,2015-06-01,2015-06-07,2
1529,3057,2015-06-01,2015-06-07,1
1530,3059,2015-06-01,2015-06-07,2
1531,3061,2015-06-01,2015-06-07,1
1532,3063,2015-06-01,2015-06-07,2
1533,3065,2015-06-01,2015-06-07,1
1534,3067,2015-06-01,2015-06-07,2
1535,3069,2015-06-01,2015-06-07,1
1536,3071,2015-06-01,2015-06-07,2
1537,3073,2015-06-01,2015-06-07,1
1538,3075,2015-06-01,2015-06-07,2
1539,3077,2015-06-01,2015-06-07,1
1540,3079,2015-06-01,2015-06-07,2
1541,3081,2015-06-01,2015-06-07,1
1542,3083,2015-06-01,2015-06-07,2
1543,3085,2015-06-01,2015-06-07,1
1544,3087,2015-06-01,2015-06-07,2
1545,3089,2015-06-01,2015-06-07,1
1546,3091,2015-06-01,2015-06-07,2
1547,3093,2015-06-01,2015-06-07,1
1548,3095,2015-06-01,2015-06-07,2
1549,3097,2015-06-01,2015-06-07,1
1550,3099,2015-06-01,2015-06-07,2
1551,3101,2015-06-01,2015-06-07,1
1552,3103,2015-06-01,2015-06-07,2
1553,3105,2015-06-01,2015-06-07,1
1554,3107,2015-06-01,2015-06-07,2
1555,3109,2015-06-01,2015-06-07,1
1556,3111,2015-06-01,2015-06-07,2
1557,3113,2015-06-01,2015-06-07,1
1558,3115,2015-06-01,2015-06-07,2
1559,3117,2015-06-01,2015-06-07,1
1560,3119,2015-06-01,2015-06-07,2
1561,3121,2015-06-01,2015-06-07,1
1562,3123,2015-06-01,2015-06-07,2
1563,3125,2015-06-01,2015-06-07,1
1564,3127,2015-06-01,2015-06-07,2
1565,3129,2015-06-01,2015-06-07,1
1566,3131,2015-06-01,2015-06-07,2
1567,3133,2015-06-01,2015-06-07,1
1568,3135,2015-06-01,2015-06-07,2
1569,3137,2015-06-01,2015-06-07,1
1570,3139,2015-06-01,2015-06-07,2
1571,3141,2015-06-01,2015-06-07,1
1572,3143,2015-06-01,2015-06-07,2
1573,3145,2015-06-01,2015-06-07,1
1574,3147,2015-06-01,2015-06-07,2
1575,3149,2015-06-01,2015-06-07,1
1576,3151,2015-06-01,2015-06-07,2
1577,3153,2015-06-01,2015-06-07,1
1578,3155,2015-06-01,2015-06-07,2
1579,3157,2015-06-01,2015-06-07,1
1580,3159,2015-06-01,2015-06-07,2
1581,3161,2015-06-01,2015-06-07,1
1582,3163,2015-06-01,2015-06-07,2
1583,3165,2015-06-01,2015-06-07,1
1584,3167,2015-06-01,2015-06-07,2
1585,3169,2015-06-01,2015-06-07,1
1586,3171,2015-06-01,2015-06-07,2
1587,3173,2015-06-01,2015-06-07,1
1588,3175,2015-06-01,2015-06-07,2
1589,3177,2015-06-01,2015-06-07,1
1590,3179,2015-06-01,2015-06-07,2
1591,3181,2015-06-01,2015-06-07,1
1592,3183,2015-06-01,2015-06-07,2
1593,3185,2015-06-01,2015-06-07,1
1594,3187,2015-06-01,2015-06-07,2
1595,3189,2015-06-01,2015-06-07,1
1596,3191,2015-06-01,2015-06-07,2
1597,3193,2015-06-01,2015-06-07,1
1598,3195,2015-06-01,2015-06-07,2
1599,3197,2015-06-01,2015-06-07,1
1600,3199,2015-06-01,2015-06-07,2
1601,3201,2015-06-01,2015-06-07,1
1602,3203,2015-06-01,2015-06-07,2
1603,3205,2015-06-01,2015-06-07,1
1604,3207,2015-06-01,2015-06-07,2
1605,3209,2015-06-01,2015-06-07,1
1606,3211,2015-06-01,2015-06-07,2
1607,3213,2015-06-01,2015-06-07,1
1608,3215,2015-06-01,2015-06-07,2
1609,3217,2015-06-01,2015-06-07,1
1610,3219,2015-06-01,2015-06-07,2
1611,3221,2015-06-01,2015-06-07,1
1612,3223,2015-06-01,2015-06-07,2
1613,3225,2015-06-01,2015-06-07,1
1614,3227,2015-06-01,2015-06-07,2
1615,3229,2015-06-01,2015-06-07,1
1616,3231,2015-06-01,2015-06-07,2
1617,3233,2015-06-01,2015-06-07,1
1618,3235,2015-06-01,2015-06-07,2
1619,3237,2015-06-01,2015-06-07,1
1620,3239,2015-06-01,2015-06-07,2
1621,3241,2015-06-01,2015-06-07,1
1622,3243,2015-06-01,2015-06-07,2
1623,3245,2015-06-01,2015-06-07,1
1624,3247,2015-06-01,2015-06-07,2
1625,3249,2015-06-01,2015-06-07,1
1626,3251,2015-06-01,2015-06-07,2
1627,3253,2015-06-01,2015-06-07,1
1628,3255,2015-06-01,2015-06-07,2
1629,3257,2015-06-01,2015-06-07,1
1630,3259,2015-06-01,2015-06-07,2
1631,3261,2015-06-01,2015-06-07,1
1632,3263,2015-06-01,2015-06-07,2
1633,3265,2015-06-01,2015-06-07,1
1634,3267,2015-06-01,2015-06-07,2
1635,3269,2015-06-01,2015-06-07,1
1636,3271,2015-06-01,2015-06-07,2
1637,3273,2015-06-01,2015-06-07,1
1638,3275,2015-06-01,2015-06-07,2
1639,3277,2015-06-01,2015-06-07,1
1640,3279,2015-06-01,2015-06-07,2
1641,3281,2015-06-01,2015-06-07,1
1642,3283,2015-06-01,2015-06-07,2
1643,3285,2015-06-01,2015-06-07,1
1644,3287,2015-06-01,2015-06-07,2
1645,3289,2015-06-01,2015-06-07,1
1646,3291,2015-06-01,2015-06-07,2
1647,3293,2015-06-01,2015-06-07,1
1648,3295,2015-06-01,2015-06-07,2
1649,3297,2015-06-01,2015-06-07,1
1650,3299,2015-06-01,2015-06-07,2
1651,3301,2015-06-01,2015-06-07,1
1652,3303,2015-06-01,2015-06-07,2
1653,3305,2015-06-01,2015-06-07,1
1654,3307,2015-06-01,2015-06-07,2
1655,3309,2015-06-01,2015-06-07,1
1656,3311,2015-06-01,2015-06-07,2
1657,3313,2015-06-01,2015-06-07,1
1658,3315,2015-06-01,2015-06-07,2
1659,3317,2015-06-01,2015-06-07,1
1660,3319,2015-06-01,2015-06-07,2
1661,3321,2015-06-01,2015-06-07,1
1662,3323,2015-06-01,2015-06-07,2
1663,3325,2015-06-01,2015-06-07,1
1664,3327,2015-06-01,2015-06-07,2
1665,3329,2015-06-01,2015-06-07,1
1666,3331,2015-06-01,2015-06-07,2
1667,3333,2015-06-01,2015-06-07,1
1668,3335,2015-06-01,2015-06-07,2
1669,3337,2015-06-01,2015-06-07,1
1670,3339,2015-06-01,2015-06-07,2
1671,3341,2015-06-01,2015-06-07,1
1672,3343,2015-06-01,2015-06-07,2
1673,3345,2015-06-01,2015-06-07,1
1674,3347,2015-06-01,2015-06-07,2
1675,3349,2015-06-01,2015-06-07,1
1676,3351,2015-06-01,2015-06-07,2
1677,3353,2015-06-01,2015-06-07,1
1678,3355,2015-06-01,2015-06-07,2
1679,3357,2015-06-01,2015-06-07,1
1680,3359,2015-06-01,2015-06-07,2
1681,3361,2015-06-01,2015-06-07,1
1682,3363,2015-06-01,2015-06-07,2
1683,3365,2015-06-01,2015-06-07,1
1684,3367,2015-06-01,2015-06-07,2
1685,3369,2015-06-01,2015-06-07,1
1686,3371,2015-06-01,2015-06-07,2
1687,3373,2015-06-01,2015-06-07,1
1688,3375,2015-06-01,2015-06-07,2
1689,3377,2015-06-01,2015-06-07,1
1690,3379,2015-06-01,2015-06-07,2
1691,3381,2015-06-01,2015-06-07,1
1692,3383,2015-06-01,2015-06-07,2
1693,3385,2015-06-01,2015-06-07,1
1694,3387,2015-06-01,2015-06-07,2
1695,3389,2015-06-01,2015-06-07,1
1696,3391,2015-06-01,2015-06-07,2
1697,3393,2015-06-01,2015-06-07,1
1698,3395,2015-06-01,2015-06-07,2
1699,3397,2015-06-01,2015-06-07,1
1700,3399,2015-06-01,2015-06-07,2
1701,3401,2015-06-01,2015-06-07,1
1702,3403,2015-06-01,2015-06-07,2
1703,3405,2015-06-01,2015-06-07,1
1704,3407,2015-06-01,2015-06-07,2
1705,3409,2015-06-01,2015-06-07,1
1706,3411,2015-06-01,2015-06-07,2
1707,3413,2015-06-01,2015-06-07,1
1708,3415,2015-06-01,2015-06-07,2
1709,3417,2015-06-01,2015-06-07,1
1710,3419,2015-06-01,2015-06-07,2
1711,3421,2015-06-01,2015-06-07,1
1712,3423,2015-06-01,2015-06-07,2
1713,3425,2015-06-01,2015-06-07,1
1714,3427,2015-06-01,2015-06-07,2
1715,3429,2015-06-01,2015-06-07,1
1716,3431,2015-06-01,2015-06-07,2
1717,3433,2015-06-01,2015-06-07,1
1718,3435,2015-06-01,2015-06-07,2
1719,3437,2015-06-01,2015-06-07,1
1720,3439,2015-06-01,2015-06-07,2
1721,3441,2015-06-01,2015-06-07,1
1722,3443,2015-06-01,2015-06-07,2
1723,3445,2015-06-01,2015-06-07,1
1724,3447,2015-06-01,2015-06-07,2
1725,3449,2015-06-01,2015-06-07,1
1726,3451,2015-06-01,2015-06-07,2
1727,3453,2015-06-01,2015-06-07,1
1728,3455,2015-06-01,2015-06-07,2
1729,3457,2015-06-01,2015-06-07,1
1730,3459,2015-06-01,2015-06-07,2
1731,3461,2015-06-01,2015-06-07,1
1732,3463,2015-06-01,2015-06-07,2
1733,3465,2015-06-01,2015-06-07,1
1734,3467,2015-06-01,2015-06-07,2
1735,3469,2015-06-01,2015-06-07,1
1736,3471,2015-06-01,2015-06-07,2
1737,3473,2015-06-01,2015-06-07,1
1738,3475,2015-06-01,2015-06-07,2
1739,3477,2015-06-01,2015-06-07,1
1740,3479,2015-06-01,2015-06-07,2
1741,3481,2015-06-01,2015-06-07,1
1742,3483,2015-06-01,2015-06-07,2
1743,3485,2015-06-01,2015-06-07,1
1744,3487,2015-06-01,2015-06-07,2
1745,3489,2015-06-01,2015-06-07,1
1746,3491,2015-06-01,2015-06-07,2
1747,3493,2015-06-01,2015-06-07,1
1748,3495,2015-06-01,2015-06-07,2
1749,3497,2015-06-01,2015-06-07,1
1750,3499,2015-06-01,2015-06-07,2
1751,3501,2015-06-01,2015-06-07,1
1752,3503,2015-06-01,2015-06-07,2
1753,3505,2015-06-01,2015-06-07,1
1754,3507,2015-06-01,2015-06-07,2
1755,3509,2015-06-01,2015-06-07,1
1756,3511,2015-06-01,2015-06-07,2
1757,3513,2015-06-01,2015-06-07,1
1758,3515,2015-06-01,2015-06-07,2
1759,3517,2015-06-01,2015-06-07,1
1760,3519,2015-06-01,2015-06-07,2
1761,3521,2015-06-01,2015-06-07,1
1762,3523,2015-06-01,2015-06-07,2
1763,3525,2015-06-01,2015-06-07,1
1764,3527,2015-06-01,2015-06-07,2
1765,3529,2015-06-01,2015-06-07,1
1766,3531,2015-06-01,2015-06-07,2
1767,3533,2015-06-01,2015-06-07,1
1768,3535,2015-06-01,2015-06-07,2
1769,3537,2015-06-01,2015-06-07,1
1770,3539,2015-06-01,2015-06-07,2
1771,3541,2015-06-01,2015-06-07,1
1772,3543,2015-06-01,2015-06-07,2
1773,3545,2015-06-01,2015-06-07,1
1774,3547,2015-06-01,2015-06-07,2
1775,3549,2015-06-01,2015-06-07,1
1776,3551,2015-06-01,2015-06-07,2
1777,3553,2015-06-01,2015-06-07,1
1778,3555,2015-06-01,2015-06-07,2
1779,3557,2015-06-01,2015-06-07,1
1780,3559,2015-06-01,2015-06-07,2
1781,3561,2015-06-01,2015-06-07,1
1782,3563,2015-06-01,2015-06-07,2
1783,3565,2015-06-01,2015-06-07,1
1784,3567,2015-06-01,2015-06-07,2
1785,3569,2015-06-01,2015-06-07,1
1786,3571,2015-06-01,2015-06-07,2
1787,3573,2015-06-01,2015-06-07,1
1788,3575,2015-06-01,2015-06-07,2
1789,3577,2015-06-01,2015-06-07,1
1790,3579,2015-06-01,2015-06-07,2
1791,3581,2015-06-01,2015-06-07,1
1792,3583,2015-06-01,2015-06-07,2
1793,3585,2015-06-01,2015-06-07,1
1794,3587,2015-06-01,2015-06-07,2
1795,3589,2015-06-01,2015-06-07,1
1796,3591,2015-06-01,2015-06-07,2
1797,3593,2015-06-01,2015-06-07,1
1798,3595,2015-06-01,2015-06-07,2
1799,3597,2015-06-01,2015-06-07,1
1800,3599,2015-06-01,2015-06-07,2
1801,3601,2015-06-01,2015-06-07,1
1802,3603,2015-06-01,2015-06-07,2
1803,3605,2015-06-01,2015-06-07,1
1804,3607,2015-06-01,2015-06-07,2
1805,3609,2015-06-01,2015-06-07,1
1806,3611,2015-06-01,2015-06-07,2
1807,3613,2015-06-01,2015-06-07,1
1808,3615,2015-06-01,2015-06-07,2
1809,3617,2015-06-01,2015-06-07,1
1810,3619,2015-06-01,2015-06-07,2
1811,3621,2015-06-01,2015-06-07,1
1812,3623,2015-06-01,2015-06-07,2
1813,3625,2015-06-01,2015-06-07,1
1814,3627,2015-06-01,2015-06-07,2
1815,3629,2015-06-01,2015-06-07,1
1816,3631,2015-06-01,2015-06-07,2
1817,3633,2015-06-01,2015-06-07,1
1818,3635,2015-06-01,2015-06-07,2
1819,3637,2015-06-01,2015-06-07,1
1820,3639,2015-06-01,2015-06-07,2
1821,3641,2015-06-01,2015-06-07,1
1822,3643,2015-06-01,2015-06-07,2
1823,3645,2015-06-01,2015-06-07,1
1824,3647,2015-06-01,2015-06-07,2
1825,3649,2015-06-01,2015-06-07,1
1826,3651,2015-06-01,2015-06-07,2
1827,3653,2015-06-01,2015-06-07,1
1828,3655,2015-06-01,2015-06-07,2
1829,3657,2015-06-01,2015-06-07,1
1830,3659,2015-06-01,2015-06-07,2
1831,3661,2015-06-01,2015-06-07,1
1832,3663,2015-06-01,2015-06-07,2
1833,3665,2015-06-01,2015-06-07,1
1834,3667,2015-06-01,2015-06-07,2
1835,3669,2015-06-01,2015-06-07,1
1836,3671,2015-06-01,2015-06-07,2
1837,3673,2015-06-01,2015-06-07,1
1838,3675,2015-06-01,2015-06-07,2
1839,3677,2015-06-01,2015-06-07,1
1840,3679,2015-06-01,2015-06-07,2
1841,3681,2015-06-01,2015-06-07,1
1842,3683,2015-06-01,2015-06-07,2
1843,3685,2015-06-01,2015-06-07,1
1844,3687,2015-06-01,2015-06-07,2
1845,3689,2015-06-01,2015-06-07,1
1846,3691,2015-06-01,2015-06-07,2
1847,3693,2015-06-01,2015-06-07,1
1848,3695,2015-06-01,2015-06-07,2
1849,3697,2015-06-01,2015-06-07,1
1850,3699,2015-06-01,2015-06-07,2
1851,3701,2015-06-01,2015-06-07,1
1852,3703,2015-06-01,2015-06-07,2
1853,3705,2015-06-01,2015-06-07,1
1854,3707,2015-06-01,2015-06-07,2
1855,3709,2015-06-01,2015-06-07,1
1856,3711,2015-06-01,2015-06-07,2
1857,3713,2015-06-01,2015-06-07,1
1858,3715,2015-06-01,2015-06-07,2
1859,3717,2015-06-01,2015-06-07,1
1860,3719,2015-06-01,2015-06-07,2
1861,3721,2015-06-01,2015-06-07,1
1862,3723,2015-06-01,2015-06-07,2
1863,3725,2015-06-01,2015-06-07,1
1864,3727,2015-06-01,2015-06-07,2
1865,3729,2015-06-01,2015-06-07,1
1866,3731,2015-06-01,2015-06-07,2
1867,3733,2015-06-01,2015-06-07,1
1868,3735,2015-06-01,2015-06-07,2
1869,3737,2015-06-01,2015-06-07,1
1870,3739,2015-06-01,2015-06-07,2
1871,3741,2015-06-01,2015-06-07,1
1872,3743,2015-06-01,2015-06-07,2
1873,3745,2015-06-01,2015-06-07,1
1874,3747,2015-06-01,2015-06-07,2
1875,3749,2015-06-01,2015-06-07,1
1876,3751,2015-06-01,2015-06-07,2
1877,3753,2015-06-01,2015-06-07,1
1878,3755,2015-06-01,2015-06-07,2
1879,3757,2015-06-01,2015-06-07,1
1880,3759,2015-06-01,2015-06-07,2
1881,3761,2015-06-01,2015-06-07,1
1882,3763,2015-06-01,2015-06-07,2
1883,3765,2015-06-01,2015-06-07,1
1884,3767,2015-06-01,2015-06-07,2
1885,3769,2015-06-01,2015-06-07,1
1886,3771,2015-06-01,2015-06-07,2
1887,3773,2015-06-01,2015-06-07,1
1888,3775,2015-06-01,2015-06-07,2
1889,3777,2015-06-01,2015-06-07,1
1890,3779,2015-06-01,2015-06-07,2
1891,3781,2015-06-01,2015-06-07,1
1892,3783,2015-06-01,2015-06-07,2
1893,3785,2015-06-01,2015-06-07,1
1894,3787,2015-06-01,2015-06-07,2
1895,3789,2015-06-01,2015-06-07,1
1896,3791,2015-06-01,2015-06-07,2
1897,3793,2015-06-01,2015-06-07,1
1898,3795,2015-06-01,2015-06-07,2
1899,3797,2015-06-01,2015-06-07,1
1900,3799,2015-06-01,2015-06-07,2
1901,3801,2015-06-01,2015-06-07,1
1902,3803,2015-06-01,2015-06-07,2
1903,3805,2015-06-01,2015-06-07,1
1904,3807,2015-06-01,2015-06-07,2
1905,3809,2015-06-01,2015-06-07,1
1906,3811,2015-06-01,2015-06-07,2
1907,3813,2015-06-01,2015-06-07,1
1908,3815,2015-06-01,2015-06-07,2
1909,3817,2015-06-01,2015-06-07,1
1910,3819,2015-06-01,2015-06-07,2
1911,3821,2015-06-01,2015-06-07,1
1912,3823,2015-06-01,2015-06-07,2
1913,3825,2015-06-01,2015-06-07,1
1914,3827,2015-06-01,2015-06-07,2
1915,3829,2015-06-01,2015-06-07,1
1916,3831,2015-06-01,2015-06-07,2
1917,3833,2015-06-01,2015-06-07,1
1918,3835,2015-06-01,2015-06-07,2
1919,3837,2015-06-01,2015-06-07,1
1920,3839,2015-06-01,2015-06-07,2
1921,3841,2015-06-01,2015-06-07,1
1922,3843,2015-06-01,2015-06-07,2
1923,3845,2015-06-01,2015-06-07,1
1924,3847,2015-06-01,2015-06-07,2
1925,3849,2015-06-01,2015-06-07,1
1926,3851,2015-06-01,2015-06-07,2
1927,3853,2015-06-01,2015-06-07,1
1928,3855,2015-06-01,2015-06-07,2
1929,3857,2015-06-01,2015-06-07,1
1930,3859,2015-06-01,2015-06-07,2
1931,3861,2015-06-01,2015-06-07,1
1932,3863,2015-06-01,2015-06-07,2
1933,3865,2015-06-01,2015-06-07,1
1934,3867,2015-06-01,2015-06-07,2
1935,3869,2015-06-01,2015-06-07,1
1936,3871,2015-06-01,2015-06-07,2
1937,3873,2015-06-01,2015-06-07,1
1938,3875,2015-06-01,2015-06-07,2
1939,3877,2015-06-01,2015-06-07,1
1940,3879,2015-06-01,2015-06-07,2
1941,3881,2015-06-01,2015-06-07,1
1942,3883,2015-06-01,2015-06-07,2
1943,3885,2015-06-01,2015-06-07,1
1944,3887,2015-06-01,2015-06-07,2
1945,3889,2015-06-01,2015-06-07,1
1946,3891,2015-06-01,2015-06-07,2
1947,3893,2015-06-01,2015-06-07,1
1948,3895,2015-06-01,2015-06-07,2
1949,3897,2015-06-01,2015-06-07,1
1950,3899,2015-06-01,2015-06-07,2
1951,3901,2015-06-01,2015-06-07,1
1952,3903,2015-06-01,2015-06-07,2
1953,3905,2015-06-01,2015-06-07,1
1954,3907,2015-06-01,2015-06-07,2
1955,3909,2015-06-01,2015-06-07,1
1956,3911,2015-06-01,2015-06-07,2
1957,3913,2015-06-01,2015-06-07,1
1958,3915,2015-06-01,2015-06-07,2
1959,3917,2015-06-01,2015-06-07,1
1960,3919,2015-06-01,2015-06-07,2
1961,3921,2015-06-01,2015-06-07,1
1962,3923,2015-06-01,2015-06-07,2
1963,3925,2015-06-01,2015-06-07,1
1964,3927,2015-06-01,2015-06-07,2
1965,3929,2015-06-01,2015-06-07,1
1966,3931,2015-06-01,2015-06-07,2
1967,3933,2015-06-01,2015-06-07,1
1968,3935,2015-06-01,2015-06-07,2
1969,3937,2015-06-01,2015-06-07,1
1970,3939,2015-06-01,2015-06-07,2
1971,3941,2015-06-01,2015-06-07,1
1972,3943,2015-06-01,2015-06-07,2
1973,3945,2015-06-01,2015-06-07,1
1974,3947,2015-06-01,2015-06-07,2
1975,3949,2015-06-01,2015-06-07,1
1976,3951,2015-06-01,2015-06-07,2
1977,3953,2015-06-01,2015-06-07,1
1978,3955,2015-06-01,2015-06-07,2
1979,3957,2015-06-01,2015-06-07,1
1980,3959,2015-06-01,2015-06-07,2
1981,3961,2015-06-01,2015-06-07,1
1982,3963,2015-06-01,2015-06-07,2
1983,3965,2015-06-01,2015-06-07,1
1984,3967,2015-06-01,2015-06-07,2
1985,3969,2015-06-01,2015-06-07,1
1986,3971,2015-06-01,2015-06-07,2
1987,3973,2015-06-01,2015-06-07,1
1988,3975,2015-06-01,2015-06-07,2
1989,3977,2015-06-01,2015-06-07,1
1990,3979,2015-06-01,2015-06-07,2
1991,3981,2015-06-01,2015-06-07,1
1992,3983,2015-06-01,2015-06-07,2
1993,3985,2015-06-01,2015-06-07,1
1994,3987,2015-06-01,2015-06-07,2
1995,3989,2015-06-01,2015-06-07,1
1996,3991,2015-06-01,2015-06-07,2
1997,3993,2015-06-01,2015-06-07,1
1998,3995,2015-06-01,2015-06-07,2
1999,3997,2015-06-01,2015-06-07,1
2000,3999,2015-06-01,2015-06-07,2
