id,host_id,capacity
1,1,2
2,1,2
3,2,2
4,2,2
5,3,2
6,3,2
7,4,2
8,4,2
9,5,2
10,5,2
11,6,2
12,6,2
13,7,2
14,7,2
15,8,2
16,8,2
17,9,2
18,9,2
19,10,2
20,10,2
21,11,2
22,11,2
23,12,2
24,12,2
25,13,2
26,13,2
27,14,2
28,14,2
29,15,2
30,15,2
31,16,2
32,16,2
33,17,2
34,17,2
35,18,2
36,18,2
37,19,2
38,19,2
39,20,2
40,20,2
41,21,2
42,21,2
43,22,2
44,22,2
45,23,2
46,23,2
47,24,2
48,24,2
49,25,2
50,25,2
51,26,2
52,26,2
53,27,2
54,27,2
55,28,2
56,28,2
57,29,2
58,29,2
59,30,2
60,30,2
61,31,2
62,31,2
63,32,2
64,32,2
65,33,2
66,33,2
67,34,2
68,34,2
69,35,2
70,35,2
71,36,2
72,36,2
73,37,2
74,37,2
75,38,2
76,38,2
77,39,2
78,39,2
79,40,2
80,40,2
81,41,2
82,41,2
83,42,2
84,42,2
85,43,2
86,43,2
87,44,2
88,44,2
89,45,2
90,45,2
91,46,2
92,46,2
93,47,2
94,47,2
95,48,2
96,48,2
97,49,2
98,49,2
99,50,2
100,50,2
101,51,2
102,51,2
103,52,2
104,52,2
105,53,2
106,53,2
107,54,2
108,54,2
109,55,2
110,55,2
111,56,2
112,56,2
113,57,2
114,57,2
115,58,2
116,58,2
117,59,2
118,59,2
119,60,2
120,60,2
121,61,2
122,61,2
123,62,2
124,62,2
125,63,2
126,63,2
127,64,2
128,64,2
129,65,2
130,65,2
131,66,2
132,66,2
133,67,2
134,67,2
135,68,2
136,68,2
137,69,2
138,69,2
139,70,2
140,70,2
141,71,2
142,71,2
143,72,2
144,72,2
145,73,2
146,73,2
147,74,2
148,74,2
149,75,2
150,75,2
151,76,2
152,76,2
153,77,2
154,77,2
155,78,2
156,78,2
157,79,2
158,79,2
159,80,2
160,80,2
161,81,2
162,81,2
163,82,2
164,82,2
165,83,2
166,83,2
167,84,2
168,84,2
169,85,2
170,85,2
171,86,2
172,86,2
173,87,2
174,87,2
175,88,2
176,88,2
177,89,2
178,89,2
179,90,2
180,90,2
181,91,2
182,91,2
183,92,2
184,92,2
185,93,2
186,93,2
187,94,2
188,94,2
189,95,2
190,95,2
191,96,2
192,96,2
193,97,2
194,97,2
195,98,2
196,98,2
197,99,2
198,99,2
199,100,2
200,100,2
201,101,2
202,101,2
203,102,2
204,102,2
205,103,2
206,103,2
207,104,2
208,104,2
209,105,2
210,105,2
211,106,2
212,106,2
213,107,2
214,107,2
215,108,2
216,108,2
217,109,2
218,109,2
219,110,2
220,110,2
221,111,2
222,111,2
223,112,2
224,112,2
225,113,2
226,113,2
227,114,2
228,114,2
229,115,2
230,115,2
231,116,2
232,116,2
233,117,2
234,117,2
235,118,2
236,118,2
237,119,2
238,119,2
239,120,2
240,120,2
241,121,2
242,121,2
243,122,2
244,122,2
245,123,2
246,123,2
247,124,2
248,124,2
249,125,2
250,125,2
251,126,2
252,126,2
253,127,2
254,127,2
255,128,2
256,128,2
257,129,2
258,129,2
259,130,2
260,130,2
261,131,2
262,131,2
263,132,2
264,132,2
265,133,2
266,133,2
267,134,2
268,134,2
269,135,2
270,135,2
271,136,2
272,136,2
273,137,2
274,137,2
275,138,2
276,138,2
277,139,2
278,139,2
279,140,2
280,140,2
281,141,2
282,141,2
283,142,2
284,142,2
285,143,2
286,143,2
287,144,2
288,144,2
289,145,2
290,145,2
291,146,2
292,146,2
293,147,2
294,147,2
295,148,2
296,148,2
297,149,2
298,149,2
299,150,2
300,150,2
301,151,2
302,151,2
303,152,2
304,152,2
305,153,2
306,153,2
307,154,2
308,154,2
309,155,2
310,155,2
311,156,2
312,156,2
313,157,2
314,157,2
315,158,2
316,158,2
317,159,2
318,159,2
319,160,2
320,160,2
321,161,2
322,161,2
323,162,2
324,162,2
325,163,2
326,163,2
327,164,2
328,164,2
329,165,2
330,165,2
331,166,2
332,166,2
333,167,2
334,167,2
335,168,2
336,168,2
337,169,2
338,169,2
339,170,2
340,170,2
341,171,2
342,171,2
343,172,2
344,172,2
345,173,2
346,173,2
347,174,2
348,174,2
349,175,2
350,175,2
351,176,2
352,176,2
353,177,2
354,177,2
355,178,2
356,178,2
357,179,2
358,179,2
359,180,2
360,180,2
361,181,2
362,181,2
363,182,2
364,182,2
365,183,2
366,183,2
367,184,2
368,184,2
369,185,2
370,185,2
371,186,2
372,186,2
373,187,2
374,187,2
375,188,2
376,188,2
377,189,2
378,189,2
379,190,2
380,190,2
381,191,2
382,191,2
383,192,2
384,192,2
385,193,2
386,193,2
387,194,2
388,194,2
389,195,2
390,195,2
391,196,2
392,196,2
393,197,2
394,197,2
395,198,2
396,198,2
397,199,2
398,199,2
399,200,2
400,200,2
401,201,2
402,201,2
403,202,2
404,202,2
405,203,2
406,203,2
407,204,2
408,204,2
409,205,2
410,205,2
411,206,2
412,206,2
413,207,2
414,207,2
415,208,2
416,208,2
417,209,2
418,209,2
419,210,2
420,210,2
421,211,2
422,211,2
423,212,2
424,212,2
425,213,2
426,213,2
427,214,2
428,214,2
429,215,2
430,215,2
431,216,2
432,216,2
433,217,2
434,217,2
435,218,2
436,218,2
437,219,2
438,219,2
439,220,2
440,220,2
441,221,2
442,221,2
443,222,2
444,222,2
445,223,2
446,223,2
447,224,2
448,224,2
449,225,2
450,225,2
451,226,2
452,226,2
453,227,2
454,227,2
455,228,2
456,228,2
457,229,2
458,229,2
459,230,2
460,230,2
461,231,2
462,231,2
463,232,2
464,232,2
465,233,2
466,233,2
467,234,2
468,234,2
469,235,2
470,235,2
471,236,2
472,236,2
473,237,2
474,237,2
475,238,2
476,238,2
477,239,2
478,239,2
479,240,2
480,240,2
481,241,2
482,241,2
483,242,2
484,242,2
485,243,2
486,243,2
487,244,2
488,244,2
489,245,2
490,245,2
491,246,2
492,246,2
493,247,2
494,247,2
495,248,2
496,248,2
497,249,2
498,249,2
499,250,2
500,250,2
501,251,2
502,251,2
503,252,2
504,252,2
505,253,2
506,253,2
507,254,2
508,254,2
509,255,2
510,255,2
511,256,2
512,256,2
513,257,2
514,257,2
515,258,2
516,258,2
517,259,2
518,259,2
519,260,2
520,260,2
521,261,2
522,261,2
523,262,2
524,262,2
525,263,2
526,263,2
527,264,2
528,264,2
529,265,2
530,265,2
531,266,2
532,266,2
533,267,2
534,267,2
535,268,2
536,268,2
537,269,2
538,269,2
539,270,2
540,270,2
541,271,2
542,271,2
543,272,2
544,272,2
545,273,2
546,273,2
547,274,2
548,274,2
549,275,2
550,275,2
551,276,2
552,276,2
553,277,2
554,277,2
555,278,2
556,278,2
557,279,2
558,279,2
559,280,2
560,280,2
561,281,2
562,281,2
563,282,2
564,282,2
565,283,2
566,283,2
567,284,2
568,284,2
569,285,2
570,285,2
571,286,2
572,286,2
573,287,2
574,287,2
575,288,2
576,288,2
577,289,2
578,289,2
579,290,2
580,290,2
581,291,2
582,291,2
583,292,2
584,292,2
585,293,2
586,293,2
587,294,2
588,294,2
589,295,2
590,295,2
591,296,2
592,296,2
593,297,2
594,297,2
595,298,2
596,298,2
597,299,2
598,299,2
599,300,2
600,300,2
601,301,2
602,301,2
603,302,2
604,302,2
605,303,2
606,303,2
607,304,2
608,304,2
609,305,2
610,305,2
611,306,2
612,306,2
613,307,2
614,307,2
615,308,2
616,308,2
617,309,2
618,309,2
619,310,2
620,310,2
621,311,2
622,311,2
623,312,2
624,312,2
625,313,2
626,313,2
627,314,2
628,314,2
629,315,2
630,315,2
631,316,2
632,316,2
633,317,2
634,317,2
635,318,2
636,318,2
637,319,2
638,319,2
639,320,2
640,320,2
641,321,2
642,321,2
643,322,2
644,322,2
645,323,2
646,323,2
647,324,2
648,324,2
649,325,2
650,325,2
651,326,2
652,326,2
653,327,2
654,327,2
655,328,2
656,328,2
657,329,2
658,329,2
659,330,2
660,330,2
661,331,2
662,331,2
663,332,2
664,332,2
665,333,2
666,333,2
667,334,2
668,334,2
669,335,2
670,335,2
671,336,2
672,336,2
673,337,2
674,337,2
675,338,2
676,338,2
677,339,2
678,339,2
679,340,2
680,340,2
681,341,2
682,341,2
683,342,2
684,342,2
685,343,2
686,343,2
687,344,2
688,344,2
689,345,2
690,345,2
691,346,2
692,346,2
693,347,2
694,347,2
695,348,2
696,348,2
697,349,2
698,349,2
699,350,2
700,350,2
701,351,2
702,351,2
703,352,2
704,352,2
705,353,2
706,353,2
707,354,2
708,354,2
709,355,2
710,355,2
711,356,2
712,356,2
713,357,2
714,357,2
715,358,2
716,358,2
717,359,2
718,359,2
719,360,2
720,360,2
721,361,2
722,361,2
723,362,2
724,362,2
725,363,2
726,363,2
727,364,2
728,364,2
729,365,2
730,365,2
731,366,2
732,366,2
733,367,2
734,367,2
735,368,2
736,368,2
737,369,2
738,369,2
739,370,2
740,370,2
741,371,2
742,371,2
743,372,2
744,372,2
745,373,2
746,373,2
747,374,2
748,374,2
749,375,2
750,375,2
751,376,2
752,376,2
753,377,2
754,377,2
755,378,2
756,378,2
757,379,2
758,379,2
759,380,2
760,380,2
761,381,2
762,381,2
763,382,2
764,382,2
765,383,2
766,383,2
767,384,2
768,384,2
769,385,2
770,385,2
771,386,2
772,386,2
773,387,2
774,387,2
775,388,2
776,388,2
777,389,2
778,389,2
779,390,2
780,390,2
781,391,2
782,391,2
783,392,2
784,392,2
785,393,2
786,393,2
787,394,2
788,394,2
789,395,2
790,395,2
791,396,2
792,396,2
793,397,2
794,397,2
795,398,2
796,398,2
797,399,2
798,399,2
799,400,2
800,400,2
801,401,2
802,401,2
803,402,2
804,402,2
805,403,2
806,403,2
807,404,2
808,404,2
809,405,2
810,405,2
811,406,2
812,406,2
813,407,2
814,407,2
815,408,2
816,408,2
817,409,2
818,409,2
819,410,2
820,410,2
821,411,2
822,411,2
823,412,2
824,412,2
825,413,2
826,413,2
827,414,2
828,414,2
829,415,2
830,415,2
831,416,2
832,416,2
833,417,2
834,417,2
835,418,2
836,418,2
837,419,2
838,419,2
839,420,2
840,420,2
841,421,2
842,421,2
843,422,2
844,422,2
845,423,2
846,423,2
847,424,2
848,424,2
849,425,2
850,425,2
851,426,2
852,426,2
853,427,2
854,427,2
855,428,2
856,428,2
857,429,2
858,429,2
859,430,2
860,430,2
861,431,2
862,431,2
863,432,2
864,432,2
865,433,2
866,433,2
867,434,2
868,434,2
869,435,2
870,435,2
871,436,2
872,436,2
873,437,2
874,437,2
875,438,2
876,438,2
877,439,2
878,439,2
879,440,2
880,440,2
881,441,2
882,441,2
883,442,2
884,442,2
885,443,2
886,443,2
887,444,2
888,444,2
889,445,2
890,445,2
891,446,2
892,446,2
893,447,2
894,447,2
895,448,2
896,448,2
897,449,2
898,449,2
899,450,2
900,450,2
901,451,2
902,451,2
903,452,2
904,452,2
905,453,2
906,453,2
907,454,2
908,454,2
909,455,2
910,455,2
911,456,2
912,456,2
913,457,2
914,457,2
915,458,2
916,458,2
917,459,2
918,459,2
919,460,2
920,460,2
921,461,2
922,461,2
923,462,2
924,462,2
925,463,2
926,463,2
927,464,2
928,464,2
929,465,2
930,465,2
931,466,2
932,466,2
933,467,2
934,467,2
935,468,2
936,468,2
937,469,2
938,469,2
939,470,2
940,470,2
941,471,2
942,471,2
943,472,2
944,472,2
945,473,2
946,473,2
947,474,2
948,474,2
949,475,2
950,475,2
951,476,2
952,476,2
953,477,2
954,477,2
955,478,2
956,478,2
957,479,2
958,479,2
959,480,2
960,480,2
961,481,2
962,481,2
963,482,2
964,482,2
965,483,2
966,483,2
967,484,2
968,484,2
969,485,2
970,485,2
971,486,2
972,486,2
973,487,2
974,487,2
975,488,2
976,488,2
977,489,2
978,489,2
979,490,2
980,490,2
981,491,2
982,491,2
983,492,2
984,492,2
985,493,2
986,493,2
987,494,2
988,494,2
989,495,2
990,495,2
991,496,2
992,496,2
993,497,2
994,497,2
995,498,2
996,498,2
997,499,2
998,499,2
999,500,2
1000,500,2
1001,501,2
1002,501,2
1003,502,2
1004,502,2
1005,503,2
1006,503,2
1007,504,2
1008,504,2
1009,505,2
1010,505,2
1011,506,2
1012,506,2
1013,507,2
1014,507,2
1015,508,2
1016,508,2
1017,509,2
1018,509,2
1019,510,2
1020,510,2
1021,511,2
1022,511,2
1023,512,2
1024,512,2
1025,513,2
1026,513,2
1027,514,2
1028,514,2
1029,515,2
1030,515,2
1031,516,2
1032,516,2
1033,517,2
1034,517,2
1035,518,2
1036,518,2
1037,519,2
1038,519,2
1039,520,2
1040,520,2
1041,521,2
1042,521,2
1043,522,2
1044,522,2
1045,523,2
1046,523,2
1047,524,2
1048,524,2
1049,525,2
1050,525,2
1051,526,2
1052,526,2
1053,527,2
1054,527,2
1055,528,2
1056,528,2
1057,529,2
1058,529,2
1059,530,2
1060,530,2
1061,531,2
1062,531,2
1063,532,2
1064,532,2
1065,533,2
1066,533,2
1067,534,2
1068,534,2
1069,535,2
1070,535,2
1071,536,2
1072,536,2
1073,537,2
1074,537,2
1075,538,2
1076,538,2
1077,539,2
1078,539,2
1079,540,2
1080,540,2
1081,541,2
1082,541,2
1083,542,2
1084,542,2
1085,543,2
1086,543,2
1087,544,2
1088,544,2
1089,545,2
1090,545,2
1091,546,2
1092,546,2
1093,547,2
1094,547,2
1095,548,2
1096,548,2
1097,549,2
1098,549,2
1099,550,2
1100,550,2
1101,551,2
1102,551,2
1103,552,2
1104,552,2
1105,553,2
1106,553,2
1107,554,2
1108,554,2
1109,555,2
1110,555,2
1111,556,2
1112,556,2
1113,557,2
1114,557,2
1115,558,2
1116,558,2
1117,559,2
1118,559,2
1119,560,2
1120,560,2
1121,561,2
1122,561,2
1123,562,2
1124,562,2
1125,563,2
1126,563,2
1127,564,2
1128,564,2
1129,565,2
1130,565,2
1131,566,2
1132,566,2
1133,567,2
1134,567,2
1135,568,2
1136,568,2
1137,569,2
1138,569,2
1139,570,2
1140,570,2
1141,571,2
1142,571,2
1143,572,2
1144,572,2
1145,573,2
1146,573,2
1147,574,2
1148,574,2
1149,575,2
1150,575,2
1151,576,2
1152,576,2
1153,577,2
1154,577,2
1155,578,2
1156,578,2
1157,579,2
1158,579,2
1159,580,2
1160,580,2
1161,581,2
1162,581,2
1163,582,2
1164,582,2
1165,583,2
1166,583,2
1167,584,2
1168,584,2
1169,585,2
1170,585,2
1171,586,2
1172,586,2
1173,587,2
1174,587,2
1175,588,2
1176,588,2
1177,589,2
1178,589,2
1179,590,2
1180,590,2
1181,591,2
1182,591,2
1183,592,2
1184,592,2
1185,593,2
1186,593,2
1187,594,2
1188,594,2
1189,595,2
1190,595,2
1191,596,2
1192,596,2
1193,597,2
1194,597,2
1195,598,2
1196,598,2
1197,599,2
1198,599,2
1199,600,2
1200,600,2
1201,601,2
1202,601,2
1203,602,2
1204,602,2
1205,603,2
1206,603,2
1207,604,2
1208,604,2
1209,605,2
1210,605,2
1211,606,2
1212,606,2
1213,607,2
1214,607,2
1215,608,2
1216,608,2
1217,609,2
1218,609,2
1219,610,2
1220,610,2
1221,611,2
1222,611,2
1223,612,2
1224,612,2
1225,613,2
1226,613,2
1227,614,2
1228,614,2
1229,615,2
1230,615,2
1231,616,2
1232,616,2
1233,617,2
1234,617,2
1235,618,2
1236,618,2
1237,619,2
1238,619,2
1239,620,2
1240,620,2
1241,621,2
1242,621,2
1243,622,2
1244,622,2
1245,623,2
1246,623,2
1247,624,2
1248,624,2
1249,625,2
1250,625,2
1251,626,2
1252,626,2
1253,627,2
1254,627,2
1255,628,2
1256,628,2
1257,629,2
1258,629,2
1259,630,2
1260,630,2
1261,631,2
1262,631,2
1263,632,2
1264,632,2
1265,633,2
1266,633,2
1267,634,2
1268,634,2
1269,635,2
1270,635,2
1271,636,2
1272,636,2
1273,637,2
1274,637,2
1275,638,2
1276,638,2
1277,639,2
1278,639,2
1279,640,2
1280,640,2
1281,641,2
1282,641,2
1283,642,2
1284,642,2
1285,643,2
1286,643,2
1287,644,2
1288,644,2
1289,645,2
1290,645,2
1291,646,2
1292,646,2
1293,647,2
1294,647,2
1295,648,2
1296,648,2
1297,649,2
1298,649,2
1299,650,2
1300,650,2
1301,651,2
1302,651,2
1303,652,2
1304,652,2
1305,653,2
1306,653,2
1307,654,2
1308,654,2
1309,655,2
1310,655,2
1311,656,2
1312,656,2
1313,657,2
1314,657,2
1315,658,2
1316,658,2
1317,659,2
1318,659,2
1319,660,2
1320,660,2
1321,661,2
1322,661,2
1323,662,2
1324,662,2
1325,663,2
1326,663,2
1327,664,2
1328,664,2
1329,665,2
1330,665,2
1331,666,2
1332,666,2
1333,667,2
1334,667,2
1335,668,2
1336,668,2
1337,669,2
1338,669,2
1339,670,2
1340,670,2
1341,671,2
1342,671,2
1343,672,2
1344,672,2
1345,673,2
1346,673,2
1347,674,2
1348,674,2
1349,675,2
1350,675,2
1351,676,2
1352,676,2
1353,677,2
1354,677,2
1355,678,2
1356,678,2
1357,679,2
1358,679,2
1359,680,2
1360,680,2
1361,681,2
1362,681,2
1363,682,2
1364,682,2
1365,683,2
1366,683,2
1367,684,2
1368,684,2
1369,685,2
1370,685,2
1371,686,2
1372,686,2
1373,687,2
1374,687,2
1375,688,2
1376,688,2
1377,689,2
1378,689,2
1379,690,2
1380,690,2
1381,691,2
1382,691,2
1383,692,2
1384,692,2
1385,693,2
1386,693,2
1387,694,2
1388,694,2
1389,695,2
1390,695,2
1391,696,2
1392,696,2
1393,697,2
1394,697,2
1395,698,2
1396,698,2
1397,699,2
1398,699,2
1399,700,2
1400,700,2
1401,701,2
1402,701,2
1403,702,2
1404,702,2
1405,703,2
1406,703,2
1407,704,2
1408,704,2
1409,705,2
1410,705,2
1411,706,2
1412,706,2
1413,707,2
1414,707,2
1415,708,2
1416,708,2
1417,709,2
1418,709,2
1419,710,2
1420,710,2
1421,711,2
1422,711,2
1423,712,2
1424,712,2
1425,713,2
1426,713,2
1427,714,2
1428,714,2
1429,715,2
1430,715,2
1431,716,2
1432,716,2
1433,717,2
1434,717,2
1435,718,2
1436,718,2
1437,719,2
1438,719,2
1439,720,2
1440,720,2
1441,721,2
1442,721,2
1443,722,2
1444,722,2
1445,723,2
1446,723,2
1447,724,2
1448,724,2
1449,725,2
1450,725,2
1451,726,2
1452,726,2
1453,727,2
1454,727,2
1455,728,2
1456,728,2
1457,729,2
1458,729,2
1459,730,2
1460,730,2
1461,731,2
1462,731,2
1463,732,2
1464,732,2
1465,733,2
1466,733,2
1467,734,2
1468,734,2
1469,735,2
1470,735,2
1471,736,2
1472,736,2
1473,737,2
1474,737,2
1475,738,2
1476,738,2
1477,739,2
1478,739,2
1479,740,2
1480,740,2
1481,741,2
1482,741,2
1483,742,2
1484,742,2
1485,743,2
1486,743,2
1487,744,2
1488,744,2
1489,745,2
1490,745,2
1491,746,2
1492,746,2
1493,747,2
1494,747,2
1495,748,2
1496,748,2
1497,749,2
1498,749,2
1499,750,2
1500,750,2
1501,751,2
1502,751,2
1503,752,2
1504,752,2
1505,753,2
1506,753,2
1507,754,2
1508,754,2
1509,755,2
1510,755,2
1511,756,2
1512,756,2
1513,757,2
1514,757,2
1515,758,2
1516,758,2
1517,759,2
1518,759,2
1519,760,2
1520,760,2
1521,761,2
1522,761,2
1523,762,2
1524,762,2
1525,763,2
1526,763,2
1527,764,2
1528,764,2
1529,765,2
1530,765,2
1531,766,2
1532,766,2
1533,767,2
1534,767,2
1535,768,2
1536,768,2
1537,769,2
1538,769,2
1539,770,2
1540,770,2
1541,771,2
1542,771,2
1543,772,2
1544,772,2
1545,773,2
1546,773,2
1547,774,2
1548,774,2
1549,775,2
1550,775,2
1551,776,2
1552,776,2
1553,777,2
1554,777,2
1555,778,2
1556,778,2
1557,779,2
1558,779,2
1559,780,2
1560,780,2
1561,781,2
1562,781,2
1563,782,2
1564,782,2
1565,783,2
1566,783,2
1567,784,2
1568,784,2
1569,785,2
1570,785,2
1571,786,2
1572,786,2
1573,787,2
1574,787,2
1575,788,2
1576,788,2
1577,789,2
1578,789,2
1579,790,2
1580,790,2
1581,791,2
1582,791,2
1583,792,2
1584,792,2
1585,793,2
1586,793,2
1587,794,2
1588,794,2
1589,795,2
1590,795,2
1591,796,2
1592,796,2
1593,797,2
1594,797,2
1595,798,2
1596,798,2
1597,799,2
1598,799,2
1599,800,2
1600,800,2
1601,801,2
1602,801,2
1603,802,2
1604,802,2
1605,803,2
1606,803,2
1607,804,2
1608,804,2
1609,805,2
1610,805,2
1611,806,2
1612,806,2
1613,807,2
1614,807,2
1615,808,2
1616,808,2
1617,809,2
1618,809,2
1619,810,2
1620,810,2
1621,811,2
1622,811,2
1623,812,2
1624,812,2
1625,813,2
1626,813,2
1627,814,2
1628,814,2
1629,815,2
1630,815,2
1631,816,2
1632,816,2
1633,817,2
1634,817,2
1635,818,2
1636,818,2
1637,819,2
1638,819,2
1639,820,2
1640,820,2
1641,821,2
1642,821,2
1643,822,2
1644,822,2
1645,823,2
1646,823,2
1647,824,2
1648,824,2
1649,825,2
1650,825,2
1651,826,2
1652,826,2
1653,827,2
1654,827,2
1655,828,2
1656,828,2
1657,829,2
1658,829,2
1659,830,2
1660,830,2
1661,831,2
1662,831,2
1663,832,2
1664,832,2
1665,833,2
1666,833,2
1667,834,2
1668,834,2
1669,835,2
1670,835,2
1671,836,2
1672,836,2
1673,837,2
1674,837,2
1675,838,2
1676,838,2
1677,839,2
1678,839,2
1679,840,2
1680,840,2
1681,841,2
1682,841,2
1683,842,2
1684,842,2
1685,843,2
1686,843,2
1687,844,2
1688,844,2
1689,845,2
1690,845,2
1691,846,2
1692,846,2
1693,847,2
1694,847,2
1695,848,2
1696,848,2
1697,849,2
1698,849,2
1699,850,2
1700,850,2
1701,851,2
1702,851,2
1703,852,2
1704,852,2
1705,853,2
1706,853,2
1707,854,2
1708,854,2
1709,855,2
1710,855,2
1711,856,2
1712,856,2
1713,857,2
1714,857,2
1715,858,2
1716,858,2
1717,859,2
1718,859,2
1719,860,2
1720,860,2
1721,861,2
1722,861,2
1723,862,2
1724,862,2
1725,863,2
1726,863,2
1727,864,2
1728,864,2
1729,865,2
1730,865,2
1731,866,2
1732,866,2
1733,867,2
1734,867,2
1735,868,2
1736,868,2
1737,869,2
1738,869,2
1739,870,2
1740,870,2
1741,871,2
1742,871,2
1743,872,2
1744,872,2
1745,873,2
1746,873,2
1747,874,2
1748,874,2
1749,875,2
1750,875,2
1751,876,2
1752,876,2
1753,877,2
1754,877,2
1755,878,2
1756,878,2
1757,879,2
1758,879,2
1759,880,2
1760,880,2
1761,881,2
1762,881,2
1763,882,2
1764,882,2
1765,883,2
1766,883,2
1767,884,2
1768,884,2
1769,885,2
1770,885,2
1771,886,2
1772,886,2
1773,887,2
1774,887,2
1775,888,2
1776,888,2
1777,889,2
1778,889,2
1779,890,2
1780,890,2
1781,891,2
1782,891,2
1783,892,2
1784,892,2
1785,893,2
1786,893,2
1787,894,2
1788,894,2
1789,895,2
1790,895,2
1791,896,2
1792,896,2
1793,897,2
1794,897,2
1795,898,2
1796,898,2
1797,899,2
1798,899,2
1799,900,2
1800,900,2
1801,901,2
1802,901,2
1803,902,2
1804,902,2
1805,903,2
1806,903,2
1807,904,2
1808,904,2
1809,905,2
1810,905,2
1811,906,2
1812,906,2
1813,907,2
1814,907,2
1815,908,2
1816,908,2
1817,909,2
1818,909,2
1819,910,2
1820,910,2
1821,911,2
1822,911,2
1823,912,2
1824,912,2
1825,913,2
1826,913,2
1827,914,2
1828,914,2
1829,915,2
1830,915,2
1831,916,2
1832,916,2
1833,917,2
1834,917,2
1835,918,2
1836,918,2
1837,919,2
1838,919,2
1839,920,2
1840,920,2
1841,921,2
1842,921,2
1843,922,2
1844,922,2
1845,923,2
1846,923,2
1847,924,2
1848,924,2
1849,925,2
1850,925,2
1851,926,2
1852,926,2
1853,927,2
1854,927,2
1855,928,2
1856,928,2
1857,929,2
1858,929,2
1859,930,2
1860,930,2
1861,931,2
1862,931,2
1863,932,2
1864,932,2
1865,933,2
1866,933,2
1867,934,2
1868,934,2
1869,935,2
1870,935,2
1871,936,2
1872,936,2
1873,937,2
1874,937,2
1875,938,2
1876,938,2
1877,939,2
1878,939,2
1879,940,2
1880,940,2
1881,941,2
1882,941,2
1883,942,2
1884,942,2
1885,943,2
1886,943,2
1887,944,2
1888,944,2
1889,945,2
1890,945,2
1891,946,2
1892,946,2
1893,947,2
1894,947,2
1895,948,2
1896,948,2
1897,949,2
1898,949,2
1899,950,2
1900,950,2
1901,951,2
1902,951,2
1903,952,2
1904,952,2
1905,953,2
1906,953,2
1907,954,2
1908,954,2
1909,955,2
1910,955,2
1911,956,2
1912,956,2
1913,957,2
1914,957,2
1915,958,2
1916,958,2
1917,959,2
1918,959,2
1919,960,2
1920,960,2
1921,961,2
1922,961,2
1923,962,2
1924,962,2
1925,963,2
1926,963,2
1927,964,2
1928,964,2
1929,965,2
1930,965,2
1931,966,2
1932,966,2
1933,967,2
1934,967,2
1935,968,2
1936,968,2
1937,969,2
1938,969,2
1939,970,2
1940,970,2
1941,971,2
1942,971,2
1943,972,2
1944,972,2
1945,973,2
1946,973,2
1947,974,2
1948,974,2
1949,975,2
1950,975,2
1951,976,2
1952,976,2
1953,977,2
1954,977,2
1955,978,2
1956,978,2
1957,979,2
1958,979,2
1959,980,2
1960,980,2
1961,981,2
1962,981,2
1963,982,2
1964,982,2
1965,983,2
1966,983,2
1967,984,2
1968,984,2
1969,985,2
1970,985,2
1971,986,2
1972,986,2
1973,987,2
1974,987,2
1975,988,2
1976,988,2
1977,989,2
1978,989,2
1979,990,2
1980,990,2
1981,991,2
1982,991,2
1983,992,2
1984,992,2
1985,993,2
1986,993,2
1987,994,2
1988,994,2
1989,995,2
1990,995,2
1991,996,2
1992,996,2
1993,997,2
1994,997,2
1995,998,2
1996,998,2
1997,999,2
1998,999,2
1999,1000,2
2000,1000,2
2001,1001,2
2002,1001,2
2003,1002,2
2004,1002,2
2005,1003,2
2006,1003,2
2007,1004,2
2008,1004,2
2009,1005,2
2010,1005,2
2011,1006,2
2012,1006,2
2013,1007,2
2014,1007,2
2015,1008,2
2016,1008,2
2017,1009,2
2018,1009,2
2019,1010,2
2020,1010,2
2021,1011,2
2022,1011,2
2023,1012,2
2024,1012,2
2025,1013,2
2026,1013,2
2027,1014,2
2028,1014,2
2029,1015,2
2030,1015,2
2031,1016,2
2032,1016,2
2033,1017,2
2034,1017,2
2035,1018,2
2036,1018,2
2037,1019,2
2038,1019,2
2039,1020,2
2040,1020,2
2041,1021,2
2042,1021,2
2043,1022,2
2044,1022,2
2045,1023,2
2046,1023,2
2047,1024,2
2048,1024,2
2049,1025,2
2050,1025,2
2051,1026,2
2052,1026,2
2053,1027,2
2054,1027,2
2055,1028,2
2056,1028,2
2057,1029,2
2058,1029,2
2059,1030,2
2060,1030,2
2061,1031,2
2062,1031,2
2063,1032,2
2064,1032,2
2065,1033,2
2066,1033,2
2067,1034,2
2068,1034,2
2069,1035,2
2070,1035,2
2071,1036,2
2072,1036,2
2073,1037,2
2074,1037,2
2075,1038,2
2076,1038,2
2077,1039,2
2078,1039,2
2079,1040,2
2080,1040,2
2081,1041,2
2082,1041,2
2083,1042,2
2084,1042,2
2085,1043,2
2086,1043,2
2087,1044,2
2088,1044,2
2089,1045,2
2090,1045,2
2091,1046,2
2092,1046,2
2093,1047,2
2094,1047,2
2095,1048,2
2096,1048,2
2097,1049,2
2098,1049,2
2099,1050,2
2100,1050,2
2101,1051,2
2102,1051,2
2103,1052,2
2104,1052,2
2105,1053,2
2106,1053,2
2107,1054,2
2108,1054,2
2109,1055,2
2110,1055,2
2111,1056,2
2112,1056,2
2113,1057,2
2114,1057,2
2115,1058,2
2116,1058,2
2117,1059,2
2118,1059,2
2119,1060,2
2120,1060,2
2121,1061,2
2122,1061,2
2123,1062,2
2124,1062,2
2125,1063,2
2126,1063,2
2127,1064,2
2128,1064,2
2129,1065,2
2130,1065,2
2131,1066,2
2132,1066,2
2133,1067,2
2134,1067,2
2135,1068,2
2136,1068,2
2137,1069,2
2138,1069,2
2139,1070,2
2140,1070,2
2141,1071,2
2142,1071,2
2143,1072,2
2144,1072,2
2145,1073,2
2146,1073,2
2147,1074,2
2148,1074,2
2149,1075,2
2150,1075,2
2151,1076,2
2152,1076,2
2153,1077,2
2154,1077,2
2155,1078,2
2156,1078,2
2157,1079,2
2158,1079,2
2159,1080,2
2160,1080,2
2161,1081,2
2162,1081,2
2163,1082,2
2164,1082,2
2165,1083,2
2166,1083,2
2167,1084,2
2168,1084,2
2169,1085,2
2170,1085,2
2171,1086,2
2172,1086,2
2173,1087,2
2174,1087,2
2175,1088,2
2176,1088,2
2177,1089,2
2178,1089,2
2179,1090,2
2180,1090,2
2181,1091,2
2182,1091,2
2183,1092,2
2184,1092,2
2185,1093,2
2186,1093,2
2187,1094,2
2188,1094,2
2189,1095,2
2190,1095,2
2191,1096,2
2192,1096,2
2193,1097,2
2194,1097,2
2195,1098,2
2196,1098,2
2197,1099,2
2198,1099,2
2199,1100,2
2200,1100,2
2201,1101,2
2202,1101,2
2203,1102,2
2204,1102,2
2205,1103,2
2206,1103,2
2207,1104,2
2208,1104,2
2209,1105,2
2210,1105,2
2211,1106,2
2212,1106,2
2213,1107,2
2214,1107,2
2215,1108,2
2216,1108,2
2217,1109,2
2218,1109,2
2219,1110,2
2220,1110,2
2221,1111,2
2222,1111,2
2223,1112,2
2224,1112,2
2225,1113,2
2226,1113,2
2227,1114,2
2228,1114,2
2229,1115,2
2230,1115,2
2231,1116,2
2232,1116,2
2233,1117,2
2234,1117,2
2235,1118,2
2236,1118,2
2237,1119,2
2238,1119,2
2239,1120,2
2240,1120,2
2241,1121,2
2242,1121,2
2243,1122,2
2244,1122,2
2245,1123,2
2246,1123,2
2247,1124,2
2248,1124,2
2249,1125,2
2250,1125,2
2251,1126,2
2252,1126,2
2253,1127,2
2254,1127,2
2255,1128,2
2256,1128,2
2257,1129,2
2258,1129,2
2259,1130,2
2260,1130,2
2261,1131,2
2262,1131,2
2263,1132,2
2264,1132,2
2265,1133,2
2266,1133,2
2267,1134,2
2268,1134,2
2269,1135,2
2270,1135,2
2271,1136,2
2272,1136,2
2273,1137,2
2274,1137,2
2275,1138,2
2276,1138,2
2277,1139,2
2278,1139,2
2279,1140,2
2280,1140,2
2281,1141,2
2282,1141,2
2283,1142,2
2284,1142,2
2285,1143,2
2286,1143,2
2287,1144,2
2288,1144,2
2289,1145,2
2290,1145,2
2291,1146,2
2292,1146,2
2293,1147,2
2294,1147,2
2295,1148,2
2296,1148,2
2297,1149,2
2298,1149,2
2299,1150,2
2300,1150,2
2301,1151,2
2302,1151,2
2303,1152,2
2304,1152,2
2305,1153,2
2306,1153,2
2307,1154,2
2308,1154,2
2309,1155,2
2310,1155,2
2311,1156,2
2312,1156,2
2313,1157,2
2314,1157,2
2315,1158,2
2316,1158,2
2317,1159,2
2318,1159,2
2319,1160,2
2320,1160,2
2321,1161,2
2322,1161,2
2323,1162,2
2324,1162,2
2325,1163,2
2326,1163,2
2327,1164,2
2328,1164,2
2329,1165,2
2330,1165,2
2331,1166,2
2332,1166,2
2333,1167,2
2334,1167,2
2335,1168,2
2336,1168,2
2337,1169,2
2338,1169,2
2339,1170,2
2340,1170,2
2341,1171,2
2342,1171,2
2343,1172,2
2344,1172,2
2345,1173,2
2346,1173,2
2347,1174,2
2348,1174,2
2349,1175,2
2350,1175,2
2351,1176,2
2352,1176,2
2353,1177,2
2354,1177,2
2355,1178,2
2356,1178,2
2357,1179,2
2358,1179,2
2359,1180,2
2360,1180,2
2361,1181,2
2362,1181,2
2363,1182,2
2364,1182,2
2365,1183,2
2366,1183,2
2367,1184,2
2368,1184,2
2369,1185,2
2370,1185,2
2371,1186,2
2372,1186,2
2373,1187,2
2374,1187,2
2375,1188,2
2376,1188,2
2377,1189,2
2378,1189,2
2379,1190,2
2380,1190,2
2381,1191,2
2382,1191,2
2383,1192,2
2384,1192,2
2385,1193,2
2386,1193,2
2387,1194,2
2388,1194,2
2389,1195,2
2390,1195,2
2391,1196,2
2392,1196,2
2393,1197,2
2394,1197,2
2395,1198,2
2396,1198,2
2397,1199,2
2398,1199,2
2399,1200,2
2400,1200,2
2401,1201,2
2402,1201,2
2403,1202,2
2404,1202,2
2405,1203,2
2406,1203,2
2407,1204,2
2408,1204,2
2409,1205,2
2410,1205,2
2411,1206,2
2412,1206,2
2413,1207,2
2414,1207,2
2415,1208,2
2416,1208,2
2417,1209,2
2418,1209,2
2419,1210,2
2420,1210,2
2421,1211,2
2422,1211,2
2423,1212,2
2424,1212,2
2425,1213,2
2426,1213,2
2427,1214,2
2428,1214,2
2429,1215,2
2430,1215,2
2431,1216,2
2432,1216,2
2433,1217,2
2434,1217,2
2435,1218,2
2436,1218,2
2437,1219,2
2438,1219,2
2439,1220,2
2440,1220,2
2441,1221,2
2442,1221,2
2443,1222,2
2444,1222,2
2445,1223,2
2446,1223,2
2447,1224,2
2448,1224,2
2449,1225,2
2450,1225,2
2451,1226,2
2452,1226,2
2453,1227,2
2454,1227,2
2455,1228,2
2456,1228,2
2457,1229,2
2458,1229,2
2459,1230,2
2460,1230,2
2461,1231,2
2462,1231,2
2463,1232,2
2464,1232,2
2465,1233,2
2466,1233,2
2467,1234,2
2468,1234,2
2469,1235,2
2470,1235,2
2471,1236,2
2472,1236,2
2473,1237,2
2474,1237,2
2475,1238,2
2476,1238,2
2477,1239,2
2478,1239,2
2479,1240,2
2480,1240,2
2481,1241,2
2482,1241,2
2483,1242,2
2484,1242,2
2485,1243,2
2486,1243,2
2487,1244,2
2488,1244,2
2489,1245,2
2490,1245,2
2491,1246,2
2492,1246,2
2493,1247,2
2494,1247,2
2495,1248,2
2496,1248,2
2497,1249,2
2498,1249,2
2499,1250,2
2500,1250,2
2501,1251,2
2502,1251,2
2503,1252,2
2504,1252,2
2505,1253,2
2506,1253,2
2507,1254,2
2508,1254,2
2509,1255,2
2510,1255,2
2511,1256,2
2512,1256,2
2513,1257,2
2514,1257,2
2515,1258,2
2516,1258,2
2517,1259,2
2518,1259,2
2519,1260,2
2520,1260,2
2521,1261,2
2522,1261,2
2523,1262,2
2524,1262,2
2525,1263,2
2526,1263,2
2527,1264,2
2528,1264,2
2529,1265,2
2530,1265,2
2531,1266,2
2532,1266,2
2533,1267,2
2534,1267,2
2535,1268,2
2536,1268,2
2537,1269,2
2538,1269,2
2539,1270,2
2540,1270,2
2541,1271,2
2542,1271,2
2543,1272,2
2544,1272,2
2545,1273,2
2546,1273,2
2547,1274,2
2548,1274,2
2549,1275,2
2550,1275,2
2551,1276,2
2552,1276,2
2553,1277,2
2554,1277,2
2555,1278,2
2556,1278,2
2557,1279,2
2558,1279,2
2559,1280,2
2560,1280,2
2561,1281,2
2562,1281,2
2563,1282,2
2564,1282,2
2565,1283,2
2566,1283,2
2567,1284,2
2568,1284,2
2569,1285,2
2570,1285,2
2571,1286,2
2572,1286,2
2573,1287,2
2574,1287,2
2575,1288,2
2576,1288,2
2577,1289,2
2578,1289,2
2579,1290,2
2580,1290,2
2581,1291,2
2582,1291,2
2583,1292,2
2584,1292,2
2585,1293,2
2586,1293,2
2587,1294,2
2588,1294,2
2589,1295,2
2590,1295,2
2591,1296,2
2592,1296,2
2593,1297,2
2594,1297,2
2595,1298,2
2596,1298,2
2597,1299,2
2598,1299,2
2599,1300,2
2600,1300,2
2601,1301,2
2602,1301,2
2603,1302,2
2604,1302,2
2605,1303,2
2606,1303,2
2607,1304,2
2608,1304,2
2609,1305,2
2610,1305,2
2611,1306,2
2612,1306,2
2613,1307,2
2614,1307,2
2615,1308,2
2616,1308,2
2617,1309,2
2618,1309,2
2619,1310,2
2620,1310,2
2621,1311,2
2622,1311,2
2623,1312,2
2624,1312,2
2625,1313,2
2626,1313,2
2627,1314,2
2628,1314,2
2629,1315,2
2630,1315,2
2631,1316,2
2632,1316,2
2633,1317,2
2634,1317,2
2635,1318,2
2636,1318,2
2637,1319,2
2638,1319,2
2639,1320,2
2640,1320,2
2641,1321,2
2642,1321,2
2643,1322,2
2644,1322,2
2645,1323,2
2646,1323,2
2647,1324,2
2648,1324,2
2649,1325,2
2650,1325,2
2651,1326,2
2652,1326,2
2653,1327,2
2654,1327,2
2655,1328,2
2656,1328,2
2657,1329,2
2658,1329,2
2659,1330,2
2660,1330,2
2661,1331,2
2662,1331,2
2663,1332,2
2664,1332,2
2665,1333,2
2666,1333,2
2667,1334,2
2668,1334,2
2669,1335,2
2670,1335,2
2671,1336,2
2672,1336,2
2673,1337,2
2674,1337,2
2675,1338,2
2676,1338,2
2677,1339,2
2678,1339,2
2679,1340,2
2680,1340,2
2681,1341,2
2682,1341,2
2683,1342,2
2684,1342,2
2685,1343,2
2686,1343,2
2687,1344,2
2688,1344,2
2689,1345,2
2690,1345,2
2691,1346,2
2692,1346,2
2693,1347,2
2694,1347,2
2695,1348,2
2696,1348,2
2697,1349,2
2698,1349,2
2699,1350,2
2700,1350,2
2701,1351,2
2702,1351,2
2703,1352,2
2704,1352,2
2705,1353,2
2706,1353,2
2707,1354,2
2708,1354,2
2709,1355,2
2710,1355,2
2711,1356,2
2712,1356,2
2713,1357,2
2714,1357,2
2715,1358,2
2716,1358,2
2717,1359,2
2718,1359,2
2719,1360,2
2720,1360,2
2721,1361,2
2722,1361,2
2723,1362,2
2724,1362,2
2725,1363,2
2726,1363,2
2727,1364,2
2728,1364,2
2729,1365,2
2730,1365,2
2731,1366,2
2732,1366,2
2733,1367,2
2734,1367,2
2735,1368,2
2736,1368,2
2737,1369,2
2738,1369,2
2739,1370,2
2740,1370,2
2741,1371,2
2742,1371,2
2743,1372,2
2744,1372,2
2745,1373,2
2746,1373,2
2747,1374,2
2748,1374,2
2749,1375,2
2750,1375,2
2751,1376,2
2752,1376,2
2753,1377,2
2754,1377,2
2755,1378,2
2756,1378,2
2757,1379,2
2758,1379,2
2759,1380,2
2760,1380,2
2761,1381,2
2762,1381,2
2763,1382,2
2764,1382,2
2765,1383,2
2766,1383,2
2767,1384,2
2768,1384,2
2769,1385,2
2770,1385,2
2771,1386,2
2772,1386,2
2773,1387,2
2774,1387,2
2775,1388,2
2776,1388,2
2777,1389,2
2778,1389,2
2779,1390,2
2780,1390,2
2781,1391,2
2782,1391,2
2783,1392,2
2784,1392,2
2785,1393,2
2786,1393,2
2787,1394,2
2788,1394,2
2789,1395,2
2790,1395,2
2791,1396,2
2792,1396,2
2793,1397,2
2794,1397,2
2795,1398,2
2796,1398,2
2797,1399,2
2798,1399,2
2799,1400,2
2800,1400,2
2801,1401,2
2802,1401,2
2803,1402,2
2804,1402,2
2805,1403,2
2806,1403,2
2807,1404,2
2808,1404,2
2809,1405,2
2810,1405,2
2811,1406,2
2812,1406,2
2813,1407,2
2814,1407,2
2815,1408,2
2816,1408,2
2817,1409,2
2818,1409,2
2819,1410,2
2820,1410,2
2821,1411,2
2822,1411,2
2823,1412,2
2824,1412,2
2825,1413,2
2826,1413,2
2827,1414,2
2828,1414,2
2829,1415,2
2830,1415,2
2831,1416,2
2832,1416,2
2833,1417,2
2834,1417,2
2835,1418,2
2836,1418,2
2837,1419,2
2838,1419,2
2839,1420,2
2840,1420,2
2841,1421,2
2842,1421,2
2843,1422,2
2844,1422,2
2845,1423,2
2846,1423,2
2847,1424,2
2848,1424,2
2849,1425,2
2850,1425,2
2851,1426,2
2852,1426,2
2853,1427,2
2854,1427,2
2855,1428,2
2856,1428,2
2857,1429,2
2858,1429,2
2859,1430,2
2860,1430,2
2861,1431,2
2862,1431,2
2863,1432,2
2864,1432,2
2865,1433,2
2866,1433,2
2867,1434,2
2868,1434,2
2869,1435,2
2870,1435,2
2871,1436,2
2872,1436,2
2873,1437,2
2874,1437,2
2875,1438,2
2876,1438,2
2877,1439,2
2878,1439,2
2879,1440,2
2880,1440,2
2881,1441,2
2882,1441,2
2883,1442,2
2884,1442,2
2885,1443,2
2886,1443,2
2887,1444,2
2888,1444,2
2889,1445,2
2890,1445,2
2891,1446,2
2892,1446,2
2893,1447,2
2894,1447,2
2895,1448,2
2896,1448,2
2897,1449,2
2898,1449,2
2899,1450,2
2900,1450,2
2901,1451,2
2902,1451,2
2903,1452,2
2904,1452,2
2905,1453,2
2906,1453,2
2907,1454,2
2908,1454,2
2909,1455,2
2910,1455,2
2911,1456,2
2912,1456,2
2913,1457,2
2914,1457,2
2915,1458,2
2916,1458,2
2917,1459,2
2918,1459,2
2919,1460,2
2920,1460,2
2921,1461,2
2922,1461,2
2923,1462,2
2924,1462,2
2925,1463,2
2926,1463,2
2927,1464,2
2928,1464,2
2929,1465,2
2930,1465,2
2931,1466,2
2932,1466,2
2933,1467,2
2934,1467,2
2935,1468,2
2936,1468,2
2937,1469,2
2938,1469,2
2939,1470,2
2940,1470,2
2941,1471,2
2942,1471,2
2943,1472,2
2944,1472,2
2945,1473,2
2946,1473,2
2947,1474,2
2948,1474,2
2949,1475,2
2950,1475,2
2951,1476,2
2952,1476,2
2953,1477,2
2954,1477,2
2955,1478,2
2956,1478,2
2957,1479,2
2958,1479,2
2959,1480,2
2960,1480,2
2961,1481,2
2962,1481,2
2963,1482,2
2964,1482,2
2965,1483,2
2966,1483,2
2967,1484,2
2968,1484,2
2969,1485,2
2970,1485,2
2971,1486,2
2972,1486,2
2973,1487,2
2974,1487,2
2975,1488,2
2976,1488,2
2977,1489,2
2978,1489,2
2979,1490,2
2980,1490,2
2981,1491,2
2982,1491,2
2983,1492,2
2984,1492,2
2985,1493,2
2986,1493,2
2987,1494,2
2988,1494,2
2989,1495,2
2990,1495,2
2991,1496,2
2992,1496,2
2993,1497,2
2994,1497,2
2995,1498,2
2996,1498,2
2997,1499,2
2998,1499,2
2999,1500,2
3000,1500,2
3001,1501,2
3002,1501,2
3003,1502,2
3004,1502,2
3005,1503,2
3006,1503,2
3007,1504,2
3008,1504,2
3009,1505,2
3010,1505,2
3011,1506,2
3012,1506,2
3013,1507,2
3014,1507,2
3015,1508,2
3016,1508,2
3017,1509,2
3018,1509,2
3019,1510,2
3020,1510,2
3021,1511,2
3022,1511,2
3023,1512,2
3024,1512,2
3025,1513,2
3026,1513,2
3027,1514,2
3028,1514,2
3029,1515,2
3030,1515,2
3031,1516,2
3032,1516,2
3033,1517,2
3034,1517,2
3035,1518,2
3036,1518,2
3037,1519,2
3038,1519,2
3039,1520,2
3040,1520,2
3041,1521,2
3042,1521,2
3043,1522,2
3044,1522,2
3045,1523,2
3046,1523,2
3047,1524,2
3048,1524,2
3049,1525,2
3050,1525,2
3051,1526,2
3052,1526,2
3053,1527,2
3054,1527,2
3055,1528,2
3056,1528,2
3057,1529,2
3058,1529,2
3059,1530,2
3060,1530,2
3061,1531,2
3062,1531,2
3063,1532,2
3064,1532,2
3065,1533,2
3066,1533,2
3067,1534,2
3068,1534,2
3069,1535,2
3070,1535,2
3071,1536,2
3072,1536,2
3073,1537,2
3074,1537,2
3075,1538,2
3076,1538,2
3077,1539,2
3078,1539,2
3079,1540,2
3080,1540,2
3081,1541,2
3082,1541,2
3083,1542,2
3084,1542,2
3085,1543,2
3086,1543,2
3087,1544,2
3088,1544,2
3089,1545,2
3090,1545,2
3091,1546,2
3092,1546,2
3093,1547,2
3094,1547,2
3095,1548,2
3096,1548,2
3097,1549,2
3098,1549,2
3099,1550,2
3100,1550,2
3101,1551,2
3102,1551,2
3103,1552,2
3104,1552,2
3105,1553,2
3106,1553,2
3107,1554,2
3108,1554,2
3109,1555,2
3110,1555,2
3111,1556,2
3112,1556,2
3113,1557,2
3114,1557,2
3115,1558,2
3116,1558,2
3117,1559,2
3118,1559,2
3119,1560,2
3120,1560,2
3121,1561,2
3122,1561,2
3123,1562,2
3124,1562,2
3125,1563,2
3126,1563,2
3127,1564,2
3128,1564,2
3129,1565,2
3130,1565,2
3131,1566,2
3132,1566,2
3133,1567,2
3134,1567,2
3135,1568,2
3136,1568,2
3137,1569,2
3138,1569,2
3139,1570,2
3140,1570,2
3141,1571,2
3142,1571,2
3143,1572,2
3144,1572,2
3145,1573,2
3146,1573,2
3147,1574,2
3148,1574,2
3149,1575,2
3150,1575,2
3151,1576,2
3152,1576,2
3153,1577,2
3154,1577,2
3155,1578,2
3156,1578,2
3157,1579,2
3158,1579,2
3159,1580,2
3160,1580,2
3161,1581,2
3162,1581,2
3163,1582,2
3164,1582,2
3165,1583,2
3166,1583,2
3167,1584,2
3168,1584,2
3169,1585,2
3170,1585,2
3171,1586,2
3172,1586,2
3173,1587,2
3174,1587,2
3175,1588,2
3176,1588,2
3177,1589,2
3178,1589,2
3179,1590,2
3180,1590,2
3181,1591,2
3182,1591,2
3183,1592,2
3184,1592,2
3185,1593,2
3186,1593,2
3187,1594,2
3188,1594,2
3189,1595,2
3190,1595,2
3191,1596,2
3192,1596,2
3193,1597,2
3194,1597,2
3195,1598,2
3196,1598,2
3197,1599,2
3198,1599,2
3199,1600,2
3200,1600,2
3201,1601,2
3202,1601,2
3203,1602,2
3204,1602,2
3205,1603,2
3206,1603,2
3207,1604,2
3208,1604,2
3209,1605,2
3210,1605,2
3211,1606,2
3212,1606,2
3213,1607,2
3214,1607,2
3215,1608,2
3216,1608,2
3217,1609,2
3218,1609,2
3219,1610,2
3220,1610,2
3221,1611,2
3222,1611,2
3223,1612,2
3224,1612,2
3225,1613,2
3226,1613,2
3227,1614,2
3228,1614,2
3229,1615,2
3230,1615,2
3231,1616,2
3232,1616,2
3233,1617,2
3234,1617,2
3235,1618,2
3236,1618,2
3237,1619,2
3238,1619,2
3239,1620,2
3240,1620,2
3241,1621,2
3242,1621,2
3243,1622,2
3244,1622,2
3245,1623,2
3246,1623,2
3247,1624,2
3248,1624,2
3249,1625,2
3250,1625,2
3251,1626,2
3252,1626,2
3253,1627,2
3254,1627,2
3255,1628,2
3256,1628,2
3257,1629,2
3258,1629,2
3259,1630,2
3260,1630,2
3261,1631,2
3262,1631,2
3263,1632,2
3264,1632,2
3265,1633,2
3266,1633,2
3267,1634,2
3268,1634,2
3269,1635,2
3270,1635,2
3271,1636,2
3272,1636,2
3273,1637,2
3274,1637,2
3275,1638,2
3276,1638,2
3277,1639,2
3278,1639,2
3279,1640,2
3280,1640,2
3281,1641,2
3282,1641,2
3283,1642,2
3284,1642,2
3285,1643,2
3286,1643,2
3287,1644,2
3288,1644,2
3289,1645,2
3290,1645,2
3291,1646,2
3292,1646,2
3293,1647,2
3294,1647,2
3295,1648,2
3296,1648,2
3297,1649,2
3298,1649,2
3299,1650,2
3300,1650,2
3301,1651,2
3302,1651,2
3303,1652,2
3304,1652,2
3305,1653,2
3306,1653,2
3307,1654,2
3308,1654,2
3309,1655,2
3310,1655,2
3311,1656,2
3312,1656,2
3313,1657,2
3314,1657,2
3315,1658,2
3316,1658,2
3317,1659,2
3318,1659,2
3319,1660,2
3320,1660,2
3321,1661,2
3322,1661,2
3323,1662,2
3324,1662,2
3325,1663,2
3326,1663,2
3327,1664,2
3328,1664,2
3329,1665,2
3330,1665,2
3331,1666,2
3332,1666,2
3333,1667,2
3334,1667,2
3335,1668,2
3336,1668,2
3337,1669,2
3338,1669,2
3339,1670,2
3340,1670,2
3341,1671,2
3342,1671,2
3343,1672,2
3344,1672,2
3345,1673,2
3346,1673,2
3347,1674,2
3348,1674,2
3349,1675,2
3350,1675,2
3351,1676,2
3352,1676,2
3353,1677,2
3354,1677,2
3355,1678,2
3356,1678,2
3357,1679,2
3358,1679,2
3359,1680,2
3360,1680,2
3361,1681,2
3362,1681,2
3363,1682,2
3364,1682,2
3365,1683,2
3366,1683,2
3367,1684,2
3368,1684,2
3369,1685,2
3370,1685,2
3371,1686,2
3372,1686,2
3373,1687,2
3374,1687,2
3375,1688,2
3376,1688,2
3377,1689,2
3378,1689,2
3379,1690,2
3380,1690,2
3381,1691,2
3382,1691,2
3383,1692,2
3384,1692,2
3385,1693,2
3386,1693,2
3387,1694,2
3388,1694,2
3389,1695,2
3390,1695,2
3391,1696,2
3392,1696,2
3393,1697,2
3394,1697,2
3395,1698,2
3396,1698,2
3397,1699,2
3398,1699,2
3399,1700,2
3400,1700,2
3401,1701,2
3402,1701,2
3403,1702,2
3404,1702,2
3405,1703,2
3406,1703,2
3407,1704,2
3408,1704,2
3409,1705,2
3410,1705,2
3411,1706,2
3412,1706,2
3413,1707,2
3414,1707,2
3415,1708,2
3416,1708,2
3417,1709,2
3418,1709,2
3419,1710,2
3420,1710,2
3421,1711,2
3422,1711,2
3423,1712,2
3424,1712,2
3425,1713,2
3426,1713,2
3427,1714,2
3428,1714,2
3429,1715,2
3430,1715,2
3431,1716,2
3432,1716,2
3433,1717,2
3434,1717,2
3435,1718,2
3436,1718,2
3437,1719,2
3438,1719,2
3439,1720,2
3440,1720,2
3441,1721,2
3442,1721,2
3443,1722,2
3444,1722,2
3445,1723,2
3446,1723,2
3447,1724,2
3448,1724,2
3449,1725,2
3450,1725,2
3451,1726,2
3452,1726,2
3453,1727,2
3454,1727,2
3455,1728,2
3456,1728,2
3457,1729,2
3458,1729,2
3459,1730,2
3460,1730,2
3461,1731,2
3462,1731,2
3463,1732,2
3464,1732,2
3465,1733,2
3466,1733,2
3467,1734,2
3468,1734,2
3469,1735,2
3470,1735,2
3471,1736,2
3472,1736,2
3473,1737,2
3474,1737,2
3475,1738,2
3476,1738,2
3477,1739,2
3478,1739,2
3479,1740,2
3480,1740,2
3481,1741,2
3482,1741,2
3483,1742,2
3484,1742,2
3485,1743,2
3486,1743,2
3487,1744,2
3488,1744,2
3489,1745,2
3490,1745,2
3491,1746,2
3492,1746,2
3493,1747,2
3494,1747,2
3495,1748,2
3496,1748,2
3497,1749,2
3498,1749,2
3499,1750,2
3500,1750,2
3501,1751,2
3502,1751,2
3503,1752,2
3504,1752,2
3505,1753,2
3506,1753,2
3507,1754,2
3508,1754,2
3509,1755,2
3510,1755,2
3511,1756,2
3512,1756,2
3513,1757,2
3514,1757,2
3515,1758,2
3516,1758,2
3517,1759,2
3518,1759,2
3519,1760,2
3520,1760,2
3521,1761,2
3522,1761,2
3523,1762,2
3524,1762,2
3525,1763,2
3526,1763,2
3527,1764,2
3528,1764,2
3529,1765,2
3530,1765,2
3531,1766,2
3532,1766,2
3533,1767,2
3534,1767,2
3535,1768,2
3536,1768,2
3537,1769,2
3538,1769,2
3539,1770,2
3540,1770,2
3541,1771,2
3542,1771,2
3543,1772,2
3544,1772,2
3545,1773,2
3546,1773,2
3547,1774,2
3548,1774,2
3549,1775,2
3550,1775,2
3551,1776,2
3552,1776,2
3553,1777,2
3554,1777,2
3555,1778,2
3556,1778,2
3557,1779,2
3558,1779,2
3559,1780,2
3560,1780,2
3561,1781,2
3562,1781,2
3563,1782,2
3564,1782,2
3565,1783,2
3566,1783,2
3567,1784,2
3568,1784,2
3569,1785,2
3570,1785,2
3571,1786,2
3572,1786,2
3573,1787,2
3574,1787,2
3575,1788,2
3576,1788,2
3577,1789,2
3578,1789,2
3579,1790,2
3580,1790,2
3581,1791,2
3582,1791,2
3583,1792,2
3584,1792,2
3585,1793,2
3586,1793,2
3587,1794,2
3588,1794,2
3589,1795,2
3590,1795,2
3591,1796,2
3592,1796,2
3593,1797,2
3594,1797,2
3595,1798,2
3596,1798,2
3597,1799,2
3598,1799,2
3599,1800,2
3600,1800,2
3601,1801,2
3602,1801,2
3603,1802,2
3604,1802,2
3605,1803,2
3606,1803,2
3607,1804,2
3608,1804,2
3609,1805,2
3610,1805,2
3611,1806,2
3612,1806,2
3613,1807,2
3614,1807,2
3615,1808,2
3616,1808,2
3617,1809,2
3618,1809,2
3619,1810,2
3620,1810,2
3621,1811,2
3622,1811,2
3623,1812,2
3624,1812,2
3625,1813,2
3626,1813,2
3627,1814,2
3628,1814,2
3629,1815,2
3630,1815,2
3631,1816,2
3632,1816,2
3633,1817,2
3634,1817,2
3635,1818,2
3636,1818,2
3637,1819,2
3638,1819,2
3639,1820,2
3640,1820,2
3641,1821,2
3642,1821,2
3643,1822,2
3644,1822,2
3645,1823,2
3646,1823,2
3647,1824,2
3648,1824,2
3649,1825,2
3650,1825,2
3651,1826,2
3652,1826,2
3653,1827,2
3654,1827,2
3655,1828,2
3656,1828,2
3657,1829,2
3658,1829,2
3659,1830,2
3660,1830,2
3661,1831,2
3662,1831,2
3663,1832,2
3664,1832,2
3665,1833,2
3666,1833,2
3667,1834,2
3668,1834,2
3669,1835,2
3670,1835,2
3671,1836,2
3672,1836,2
3673,1837,2
3674,1837,2
3675,1838,2
3676,1838,2
3677,1839,2
3678,1839,2
3679,1840,2
3680,1840,2
3681,1841,2
3682,1841,2
3683,1842,2
3684,1842,2
3685,1843,2
3686,1843,2
3687,1844,2
3688,1844,2
3689,1845,2
3690,1845,2
3691,1846,2
3692,1846,2
3693,1847,2
3694,1847,2
3695,1848,2
3696,1848,2
3697,1849,2
3698,1849,2
3699,1850,2
3700,1850,2
3701,1851,2
3702,1851,2
3703,1852,2
3704,1852,2
3705,1853,2
3706,1853,2
3707,1854,2
3708,1854,2
3709,1855,2
3710,1855,2
3711,1856,2
3712,1856,2
3713,1857,2
3714,1857,2
3715,1858,2
3716,1858,2
3717,1859,2
3718,1859,2
3719,1860,2
3720,1860,2
3721,1861,2
3722,1861,2
3723,1862,2
3724,1862,2
3725,1863,2
3726,1863,2
3727,1864,2
3728,1864,2
3729,1865,2
3730,1865,2
3731,1866,2
3732,1866,2
3733,1867,2
3734,1867,2
3735,1868,2
3736,1868,2
3737,1869,2
3738,1869,2
3739,1870,2
3740,1870,2
3741,1871,2
3742,1871,2
3743,1872,2
3744,1872,2
3745,1873,2
3746,1873,2
3747,1874,2
3748,1874,2
3749,1875,2
3750,1875,2
3751,1876,2
3752,1876,2
3753,1877,2
3754,1877,2
3755,1878,2
3756,1878,2
3757,1879,2
3758,1879,2
3759,1880,2
3760,1880,2
3761,1881,2
3762,1881,2
3763,1882,2
3764,1882,2
3765,1883,2
3766,1883,2
3767,1884,2
3768,1884,2
3769,1885,2
3770,1885,2
3771,1886,2
3772,1886,2
3773,1887,2
3774,1887,2
3775,1888,2
3776,1888,2
3777,1889,2
3778,1889,2
3779,1890,2
3780,1890,2
3781,1891,2
3782,1891,2
3783,1892,2
3784,1892,2
3785,1893,2
3786,1893,2
3787,1894,2
3788,1894,2
3789,1895,2
3790,1895,2
3791,1896,2
3792,1896,2
3793,1897,2
3794,1897,2
3795,1898,2
3796,1898,2
3797,1899,2
3798,1899,2
3799,1900,2
3800,1900,2
3801,1901,2
3802,1901,2
3803,1902,2
3804,1902,2
3805,1903,2
3806,1903,2
3807,1904,2
3808,1904,2
3809,1905,2
3810,1905,2
3811,1906,2
3812,1906,2
3813,1907,2
3814,1907,2
3815,1908,2
3816,1908,2
3817,1909,2
3818,1909,2
3819,1910,2
3820,1910,2
3821,1911,2
3822,1911,2
3823,1912,2
3824,1912,2
3825,1913,2
3826,1913,2
3827,1914,2
3828,1914,2
3829,1915,2
3830,1915,2
3831,1916,2
3832,1916,2
3833,1917,2
3834,1917,2
3835,1918,2
3836,1918,2
3837,1919,2
3838,1919,2
3839,1920,2
3840,1920,2
3841,1921,2
3842,1921,2
3843,1922,2
3844,1922,2
3845,1923,2
3846,1923,2
3847,1924,2
3848,1924,2
3849,1925,2
3850,1925,2
3851,1926,2
3852,1926,2
3853,1927,2
3854,1927,2
3855,1928,2
3856,1928,2
3857,1929,2
3858,1929,2
3859,1930,2
3860,1930,2
3861,1931,2
3862,1931,2
3863,1932,2
3864,1932,2
3865,1933,2
3866,1933,2
3867,1934,2
3868,1934,2
3869,1935,2
3870,1935,2
3871,1936,2
3872,1936,2
3873,1937,2
3874,1937,2
3875,1938,2
3876,1938,2
3877,1939,2
3878,1939,2
3879,1940,2
3880,1940,2
3881,1941,2
3882,1941,2
3883,1942,2
3884,1942,2
3885,1943,2
3886,1943,2
3887,1944,2
3888,1944,2
3889,1945,2
3890,1945,2
3891,1946,2
3892,1946,2
3893,1947,2
3894,1947,2
3895,1948,2
3896,1948,2
3897,1949,2
3898,1949,2
3899,1950,2
3900,1950,2
3901,1951,2
3902,1951,2
3903,1952,2
3904,1952,2
3905,1953,2
3906,1953,2
3907,1954,2
3908,1954,2
3909,1955,2
3910,1955,2
3911,1956,2
3912,1956,2
3913,1957,2
3914,1957,2
3915,1958,2
3916,1958,2
3917,1959,2
3918,1959,2
3919,1960,2
3920,1960,2
3921,1961,2
3922,1961,2
3923,1962,2
3924,1962,2
3925,1963,2
3926,1963,2
3927,1964,2
3928,1964,2
3929,1965,2
3930,1965,2
3931,1966,2
3932,1966,2
3933,1967,2
3934,1967,2
3935,1968,2
3936,1968,2
3937,1969,2
3938,1969,2
3939,1970,2
3940,1970,2
3941,1971,2
3942,1971,2
3943,1972,2
3944,1972,2
3945,1973,2
3946,1973,2
3947,1974,2
3948,1974,2
3949,1975,2
3950,1975,2
3951,1976,2
3952,1976,2
3953,1977,2
3954,1977,2
3955,1978,2
3956,1978,2
3957,1979,2
3958,1979,2
3959,1980,2
3960,1980,2
3961,1981,2
3962,1981,2
3963,1982,2
3964,1982,2
3965,1983,2
3966,1983,2
3967,1984,2
3968,1984,2
3969,1985,2
3970,1985,2
3971,1986,2
3972,1986,2
3973,1987,2
3974,1987,2
3975,1988,2
3976,1988,2
3977,1989,2
3978,1989,2
3979,1990,2
3980,1990,2
3981,1991,2
3982,1991,2
3983,1992,2
3984,1992,2
3985,1993,2
3986,1993,2
3987,1994,2
3988,1994,2
3989,1995,2
3990,1995,2
3991,1996,2
3992,1996,2
3993,1997,2
3994,1997,2
3995,1998,2
3996,1998,2
3997,1999,2
3998,1999,2
3999,2000,2
4000,2000,2
